time_s,acceleration_m_s2,velocity_m_s,displacement_m
0.0,0.1764,0.012190000000000001,0.00481
0.02,0.19867,0.01593,0.00509
0.04,0.18960000000000002,0.019790000000000002,0.00545
0.06,0.16036999999999998,0.02328,0.00588
0.08,0.01268,0.024990000000000002,0.00636
0.1,-0.14637,0.023639999999999998,0.00685
0.12,-0.45847,0.01757,0.0072699999999999996
0.14,-0.70336,0.00594,0.00751
0.16,-0.75413,-0.00865,0.00749
0.18,-0.37094,-0.01992,0.007189999999999999
0.2,0.05173,-0.02311,0.00674
0.22,-0.27975,-0.02544,0.00626
0.24,-0.44125,-0.0327,0.005679999999999999
0.26,0.32864,-0.03387,0.00498
0.28,0.99964,-0.020630000000000003,0.00441
0.3,1.08467,0.00016,0.00419
0.32,1.01648,0.02113,0.0044
0.34,0.12773,0.03253,0.00496
0.36,-0.85336,0.02522,0.00557
0.38,-0.65718,0.010069999999999999,0.0059099999999999995
0.4,-0.02477,0.0032500000000000003,0.00602
0.42,-0.70869,-0.00416,0.00602
0.44,-1.13968,-0.022719999999999997,0.0057599999999999995
0.46,-0.56641,-0.03985,0.0051
0.48,-0.70172,-0.052610000000000004,0.00417
0.5,-0.66443,-0.06634999999999999,0.00297
0.52,-0.15643,-0.07463,0.00154
0.54,0.5508500000000001,-0.07075999999999999,5e-05
0.56,1.13674,-0.05396,-0.00123
0.58,1.48088,-0.02786,-0.00207
0.6,1.2668000000000001,-0.00037999999999999997,-0.0023499999999999997
0.62,0.7770999999999999,0.01996,-0.00215
0.64,0.43716,0.032,-0.0016300000000000002
0.66,0.67117,0.04299,-0.0009
0.68,0.66499,0.05625,7.000000000000001e-05
0.7,0.29357,0.06573999999999999,0.0012900000000000001
0.72,-0.13869,0.06718,0.00262
0.74,-1.3705600000000002,0.05199,0.00384
0.76,-2.00569,0.01813,0.00454
0.78,-1.6974600000000002,-0.019,0.00451
0.8,-1.2088299999999998,-0.04806,0.00382
0.82,0.41088,-0.056159999999999995,0.0027
0.84,0.8744799999999999,-0.043429999999999996,0.00167
0.86,-0.11785,-0.03599,0.00089
0.88,0.055229999999999994,-0.03673,0.00014000000000000001
0.9,0.00912,-0.03621,-0.00061
0.92,0.7269199999999999,-0.02897,-0.00131
0.94,1.39555,-0.00787,-0.00172
0.96,1.24542,0.018420000000000002,-0.0016300000000000002
0.98,0.66869,0.03744,-0.00107
1.0,-0.08896000000000001,0.04324,-0.00024
1.02,-0.69703,0.03524,0.00054
1.04,-0.9873000000000001,0.018260000000000002,0.00106
1.06,-0.48264,0.0034200000000000003,0.00123
1.08,-0.16215,-0.00317,0.0011899999999999999
1.1,-0.82062,-0.01313,0.0010299999999999999
1.12,-0.84712,-0.02995,0.00057
1.14,0.6615000000000001,-0.031939999999999996,-0.00012
1.16,1.18819,-0.013580000000000002,-0.00062
1.18,1.76823,0.01584,-0.00065
1.2,1.5005899999999999,0.04853,1e-05
1.22,0.22625,0.06565,0.00116
1.24,0.0075,0.06784,0.00247
1.26,-0.9745,0.058019999999999995,0.00373
1.28,-1.7579,0.030539999999999998,0.00461
1.3,-1.5659999999999998,-0.0028499999999999997,0.00484
1.32,-1.0761100000000001,-0.02942,0.00447
1.34,0.13854,-0.03895,0.0037099999999999998
1.36,0.52701,-0.032440000000000004,0.00296
1.38,0.13772,-0.025939999999999998,0.0023499999999999997
1.4,0.34119,-0.021150000000000002,0.00188
1.42,1.47322,-0.00317,0.00156
1.44,2.78112,0.039220000000000005,0.00183
1.46,1.79478,0.08481999999999999,0.00307
1.48,0.31984999999999997,0.10581,0.00498
1.5,-0.53142,0.10354,0.00707
1.52,-1.76575,0.08041000000000001,0.00891
1.54,-1.1912099999999999,0.050679999999999996,0.01016
1.56,-0.60927,0.03252,0.01094
1.58,-1.03761,0.01589,0.011399999999999999
1.6,0.19523,0.00747,0.01159
1.62,-0.28794000000000003,0.00638,0.011699999999999999
1.64,-1.37679,-0.01043,0.01165
1.66,0.04217,-0.023929999999999996,0.01121
1.68,0.55609,-0.01811,0.01073
1.7,-0.11506999999999999,-0.013859999999999999,0.01039
1.72,0.82246,-0.006939999999999999,0.0101
1.74,0.94196,0.01054,0.010089999999999998
1.76,-1.64488,0.00335,0.01027
1.78,-2.15256,-0.034780000000000005,0.00993
1.8,-0.44646,-0.06077,0.00891
1.82,0.025019999999999997,-0.06514,0.00759
1.84,-0.1149,-0.0662,0.00623
1.86,0.37003,-0.0638,0.00486
1.88,-1.02856,-0.07055,0.0035199999999999997
1.9,-1.56162,-0.09661,0.00181
1.92,0.28159,-0.10955999999999999,-0.00035999999999999997
1.94,1.22275,-0.09468,-0.00249
1.96,1.49745,-0.06763,-0.00417
1.98,1.03769,-0.04244,-0.0053100000000000005
2.0,-0.34278,-0.03549,-0.00604
2.02,-0.46214,-0.04369,-0.006889999999999999
2.04,0.64972,-0.04196,-0.00784
2.06,0.91998,-0.02641,-0.008579999999999999
2.08,0.8873399999999999,-0.00849,-0.00899
2.1,0.32334,0.0034699999999999996,-0.00908
2.12,0.34103,0.00996,-0.009000000000000001
2.14,0.20649,0.01529,-0.0088
2.16,-1.03474,0.00685,-0.00859
2.18,-1.3158500000000002,-0.0168,-0.00874
2.2,-0.5566599999999999,-0.03553,-0.00928
2.22,-0.64331,-0.04766,-0.010169999999999998
2.24,-0.73469,-0.06158,-0.011319999999999998
2.26,0.37653,-0.0653,-0.01269
2.28,0.68841,-0.05479,-0.013959999999999998
2.3,0.28632,-0.04518,-0.015009999999999999
2.32,1.04676,-0.03199,-0.01586
2.34,1.1582999999999999,-0.01008,-0.01635
2.36,1.07707,0.01214,-0.01638
2.38,0.76771,0.030449999999999998,-0.01601
2.4,-0.12807000000000002,0.036840000000000005,-0.015309999999999999
2.42,-1.1493200000000001,0.02395,-0.01473
2.44,-0.65063,0.005829999999999999,-0.01451
2.46,0.93812,0.008579999999999999,-0.01448
2.48,-0.37777,0.01406,-0.01427
2.5,-1.37924,-0.00363,-0.014199999999999999
2.52,-0.87587,-0.026309999999999997,-0.01458
2.54,-0.54061,-0.04059,-0.01532
2.56,-0.84466,-0.05457,-0.016319999999999998
2.58,-0.84678,-0.07161,-0.01765
2.6,-1.14663,-0.09154,-0.01927
2.62,-0.08642,-0.10397,-0.021320000000000002
2.64,0.87251,-0.09622,-0.02342
2.66,0.63502,-0.08125,-0.025249999999999998
2.68,1.63418,-0.05866,-0.02675
2.7,1.43773,-0.02804,-0.02767
2.72,0.98956,-0.00387,-0.02804
2.74,0.94894,0.01541,-0.02799
2.76,-0.26035,0.022189999999999998,-0.027639999999999998
2.78,-0.73786,0.012110000000000001,-0.02734
2.8,-0.020390000000000002,0.00452,-0.027200000000000002
2.82,-0.77542,-0.0035199999999999997,-0.027229999999999997
2.84,-1.33936,-0.02475,-0.027559999999999998
2.86,-0.68524,-0.04508,-0.02834
2.88,-0.24741,-0.05448,-0.02941
2.9,0.57379,-0.0513,-0.03056
2.92,1.07985,-0.03485,-0.0315
2.94,0.43592,-0.01977,-0.03209
2.96,-0.18518,-0.01735,-0.03251
2.98,0.2627,-0.01665,-0.03293
3.0,1.1494199999999999,-0.00253,-0.03315
3.02,1.65529,0.025459999999999997,-0.033
3.04,1.31557,0.05511,-0.032240000000000005
3.06,0.85958,0.0768,-0.03097
3.08,1.6219999999999999,0.10156000000000001,-0.02927
3.1,2.0153499999999998,0.13788,-0.026949999999999998
3.12,1.76619,0.17562999999999998,-0.02387
3.14,1.27635,0.20600000000000002,-0.020099999999999996
3.16,0.16091999999999998,0.22032,-0.01586
3.18,-0.6696,0.21517,-0.01154
3.2,-0.54382,0.20304,-0.00736
3.22,-0.31434999999999996,0.19442,-0.00345
3.24,-0.6530800000000001,0.18472000000000002,0.00029
3.26,-0.53896,0.17276,0.00381
3.28,0.06824,0.16802,0.00714
3.3,0.06145,0.16929,0.01045
3.32,-0.5624600000000001,0.16425,0.01375
3.34,-1.1915,0.14668,0.016819999999999998
3.36,-1.2165300000000001,0.12256,0.019459999999999998
3.38,-0.30434,0.10732,0.02167
3.4,0.58832,0.11016,0.02382
3.42,0.16172999999999998,0.11766,0.02606
3.44,-0.80574,0.11121,0.028319999999999998
3.46,-0.90354,0.09411,0.03033
3.48,-0.39925,0.08108,0.032010000000000004
3.5,-0.32286000000000004,0.07385,0.03351
3.52,-0.69062,0.06371,0.03484
3.54,-1.4030699999999998,0.04277,0.03588
3.56,-1.8563800000000001,0.010169999999999998,0.03637
3.58,-2.05809,-0.028980000000000002,0.03614
3.6,-2.23725,-0.07194,0.03513
3.62,-1.99205,-0.11420999999999999,0.03322
3.64,-0.5861500000000001,-0.13997,0.03058
3.66,1.01705,-0.13564,0.02773
3.68,1.213,-0.11332,0.02519
3.7,0.89852,-0.09218,0.0231
3.72,0.29261,-0.08025,0.021349999999999997
3.74,-0.49584000000000006,-0.08226000000000001,0.0197
3.76,-0.87669,-0.09597,0.01789
3.78,-0.56919,-0.11041000000000001,0.01577
3.8,-0.72399,-0.12333999999999999,0.01344
3.82,-0.00398,-0.13057,0.01083
3.84,1.03007,-0.12026999999999999,0.00825
3.86,0.5737599999999999,-0.10418,0.00599
3.88,1.07036,-0.0877,0.0040100000000000005
3.9,1.67598,-0.06019,0.00248
3.92,1.80118,-0.02537,0.00158
3.94,0.91381,0.00182,0.00133
3.96,0.19408,0.01295,0.00147
3.98,0.01718,0.0151,0.00172
4.0,0.27777999999999997,0.01805,0.0020399999999999997
4.02,0.45374000000000003,0.02544,0.00244
4.04,-0.49957999999999997,0.02505,0.00295
4.06,-1.03291,0.00979,0.00329
4.08,-1.13198,-0.01179,0.0032400000000000003
4.1,-1.28187,-0.035859999999999996,0.0027400000000000002
4.12,-1.1527800000000001,-0.06014,0.0017499999999999998
4.14,-0.73176,-0.07892,0.00031
4.16,-0.24306999999999998,-0.0886,-0.0014099999999999998
4.18,-0.37906,-0.09475,-0.0032700000000000003
4.2,-0.34468000000000004,-0.10199,-0.00524
4.22,0.32350999999999996,-0.10211,-0.00732
4.24,-0.2429,-0.10122,-0.00935
4.26,0.35834000000000005,-0.09998,-0.011399999999999999
4.28,2.31118,-0.07319,-0.01322
4.3,3.2305200000000003,-0.017689999999999997,-0.01418
4.32,3.24345,0.04714,-0.01391
4.34,3.0347899999999997,0.11001,-0.012350000000000002
4.36,2.57551,0.16620000000000001,-0.00959
4.38,1.39146,0.20596,-0.005849999999999999
4.4,-0.37055,0.21617,-0.00157
4.42,-1.39499,0.19861,0.0026
4.44,-1.8778,0.16599,0.00625
4.46,-2.23719,0.12494,0.00916
4.48,-2.19836,0.08069000000000001,0.01121
4.5,-2.16722,0.03714,0.01238
4.52,-0.80753,0.00749,0.012769999999999998
4.54,0.70041,0.006520000000000001,0.012849999999999999
4.56,1.02045,0.02384,0.01313
4.58,1.25603,0.0467,0.013819999999999999
4.6,2.38813,0.08314,0.01508
4.62,3.1298200000000005,0.13844,0.01727
4.64,1.91036,0.18895,0.020579999999999998
4.66,0.040780000000000004,0.20858000000000002,0.024620000000000003
4.68,-0.85592,0.20054,0.02874
4.7,-1.40215,0.17806999999999998,0.03254
4.72,-1.88954,0.14526,0.03579
4.74,-1.80749,0.10840999999999999,0.03832
4.76,-1.9050200000000002,0.07139999999999999,0.04013
4.78,-2.33553,0.0291,0.041139999999999996
4.8,-2.60418,-0.0203,0.04124
4.82,-2.24334,-0.06865,0.040350000000000004
4.84,-1.07209,-0.10169,0.03862
4.86,0.0901,-0.11138999999999999,0.03645
4.88,0.4932,-0.10544,0.03428
4.9,0.7243200000000001,-0.09315,0.0323
4.92,0.96081,-0.07618,0.03061
4.94,0.7966200000000001,-0.05849,0.02928
4.96,0.33947000000000005,-0.047009999999999996,0.02825
4.98,0.44114,-0.03908,0.027389999999999998
5.0,0.34621,-0.03121,0.026690000000000002
5.02,-0.04372,-0.028069999999999998,0.02613
5.04,-0.5460699999999999,-0.03385,0.025550000000000003
5.06,-0.85237,-0.047720000000000005,0.02476
5.08,0.1103,-0.05502,0.023719999999999998
5.1,0.09429,-0.05286,0.02266
5.12,-1.07471,-0.06254,0.021560000000000003
5.14,-1.07819,-0.08395,0.02012
5.16,-1.16465,-0.10627,0.01824
5.18,-2.03641,-0.13816,0.01584
5.2,-0.7096399999999999,-0.16562000000000002,0.01276
5.22,1.18161,-0.16079000000000002,0.00946
5.24,1.58321,-0.13303,0.006540000000000001
5.26,1.78067,-0.09927,0.00424
5.28,0.9195099999999999,-0.07216,0.0025800000000000003
5.3,0.29466000000000003,-0.0599,0.00131
5.32,0.11491,-0.0557,0.00018999999999999998
5.34,-0.33423,-0.05778,-0.00091
5.36,-0.45177999999999996,-0.06552,-0.00211
5.38,-1.14798,-0.08141,-0.0035199999999999997
5.4,-1.8935,-0.11182,-0.005430000000000001
5.42,-1.86471,-0.1493,-0.00801
5.44,-1.18685,-0.17971,-0.011279999999999998
5.46,-0.34993,-0.19498000000000001,-0.01502
5.48,-0.08955,-0.19927,-0.01893
5.5,0.74386,-0.19262,-0.02284
5.52,1.37883,-0.17129000000000003,-0.026469999999999997
5.54,1.37953,-0.1436,-0.029580000000000002
5.56,1.4805099999999998,-0.1149,-0.03213
5.58,1.44379,-0.08555,-0.0341
5.6,1.03028,-0.06081,-0.03555
5.62,0.43674,-0.04604,-0.03655
5.64,-0.3039,-0.04462,-0.03739
5.66,-0.8553700000000001,-0.05612,-0.03833
5.68,-0.37854,-0.06837,-0.03955
5.7,-0.03898,-0.07245,-0.04093
5.72,-0.013720000000000001,-0.07289,-0.04234
5.74,-0.05423,-0.07347000000000001,-0.04375
5.76,0.02137,-0.07371,-0.04518
5.78,1.19791,-0.06142,-0.046529999999999995
5.8,2.64223,-0.02302,-0.04742
5.82,1.44984,0.01798,-0.047380000000000005
5.84,0.10563,0.03361,-0.04677
5.86,0.44498,0.03919,-0.046
5.88,0.019370000000000002,0.04391,-0.045110000000000004
5.9,-0.51556,0.03903,-0.04421
5.92,-0.88348,0.02512,-0.04351
5.94,-1.13862,0.00498,-0.04314
5.96,-1.12699,-0.0176,-0.04322
5.98,-0.08485,-0.02964,-0.043680000000000004
6.0,1.3309600000000001,-0.01718,-0.04418999999999999
6.02,1.59054,0.01209,-0.044199999999999996
6.04,1.61148,0.04417,-0.043579999999999994
6.06,1.98632,0.08021,-0.042300000000000004
6.08,1.8696199999999998,0.11882999999999999,-0.04025
6.1,0.8910399999999999,0.1465,-0.03751
6.12,0.44282,0.15990000000000001,-0.03437
6.14,0.36344,0.16802,-0.03104
6.16,-0.40027999999999997,0.16771,-0.0276
6.18,-1.23877,0.15138,-0.024319999999999998
6.2,-1.1018000000000001,0.12798,-0.02154
6.22,-0.79511,0.10905,-0.019119999999999998
6.24,-0.6928799999999999,0.09420999999999999,-0.01703
6.26,-0.018349999999999998,0.08714000000000001,-0.01518
6.28,0.95113,0.09651,-0.01332
6.3,0.9797100000000001,0.11585000000000001,-0.01114
6.32,0.40999,0.12979,-0.00861
6.34,0.5597,0.13953,-0.00586
6.36,0.34869,0.14866,-0.00292
6.38,-0.35544,0.14862999999999998,0.00013
6.4,-0.6082,0.13899,0.00302
6.42,-0.36418,0.12929000000000002,0.00575
6.44,-0.51426,0.12052,0.00831
6.46,-0.99645,0.10543,0.01065
6.48,-1.06674,0.08481999999999999,0.01261
6.5,-0.3751,0.07042,0.014190000000000001
6.52,0.19068000000000002,0.06860000000000001,0.01562
6.54,-0.08965,0.06963,0.017070000000000002
6.56,-0.4863,0.06389,0.01848
6.58,-0.54013,0.05364,0.01972
6.6,-0.72624,0.040979999999999996,0.02067
6.62,-1.1052899999999999,0.02266,0.02137
6.64,-1.16112,0.0,0.02166
6.66,-1.11951,-0.02281,0.021480000000000003
6.68,-1.0010299999999999,-0.044020000000000004,0.020870000000000003
6.7,-0.49302,-0.05896,0.01988
6.72,0.5478799999999999,-0.058410000000000004,0.01873
6.74,1.29996,-0.03993,0.017769999999999998
6.76,1.57564,-0.01118,0.017310000000000002
6.78,1.2097,0.01667,0.01743
6.8,0.51865,0.03395,0.01796
6.82,-0.04716,0.038650000000000004,0.01876
6.84,-0.11799,0.03698,0.01957
6.86,0.0492,0.03627,0.02035
6.88,0.11164,0.03785,0.021150000000000002
6.9,0.64622,0.045410000000000006,0.022010000000000002
6.92,0.84041,0.06026,0.023119999999999998
6.94,0.39325000000000004,0.07257,0.02451
6.96,0.21547999999999998,0.07864,0.02609
6.98,0.48593000000000003,0.08563000000000001,0.027770000000000003
7.0,0.35057000000000005,0.094,0.02957
7.02,-0.005719999999999999,0.09741,0.031549999999999995
7.04,-0.42112,0.0931,0.03351
7.06,-0.9408299999999999,0.07944,0.0353
7.08,-1.27289,0.05727,0.03673
7.1,-0.91022,0.035390000000000005,0.03769
7.12,-0.638,0.019870000000000002,0.038290000000000005
7.14,-0.51754,0.00828,0.038610000000000005
7.16,-0.04782,0.0025900000000000003,0.03875
7.18,0.02779,0.0023499999999999997,0.038849999999999996
7.2,0.08451,0.0034699999999999996,0.038900000000000004
7.22,0.60076,0.01027,0.039060000000000004
7.24,0.83541,0.02458,0.03945
7.26,0.01972,0.03307,0.04009
7.28,-0.74324,0.025779999999999997,0.04075
7.3,-1.0077,0.00822,0.041139999999999996
7.32,-1.19455,-0.013859999999999999,0.04113000000000001
7.34,-1.41382,-0.04,0.04063
7.36,-1.46703,-0.06886,0.03959
7.38,-1.19589,-0.09554,0.03798
7.4,-0.90452,-0.11654999999999999,0.03585
7.42,-0.59027,-0.13156,0.03339
7.44,-0.07763,-0.13831,0.030699999999999998
7.46,0.41878,-0.13497,0.02799
7.48,0.44541,-0.12639,0.0254
7.5,0.64202,-0.11559,0.023010000000000003
7.52,1.2286299999999999,-0.09695000000000001,0.0209
7.54,1.29251,-0.07181,0.01924
7.56,0.7274299999999999,-0.05167,0.01806
7.58,-0.24419000000000002,-0.04691,0.01714
7.6,-1.16597,-0.06101,0.01609
7.62,-1.31335,-0.08589000000000001,0.014650000000000002
7.64,-0.46308,-0.10372999999999999,0.01275
7.66,0.50336,-0.10339999999999999,0.010669999999999999
7.68,0.8309399999999999,-0.09014,0.00874
7.7,0.5467,-0.07644000000000001,0.00711
7.72,0.019530000000000002,-0.07086,0.005679999999999999
7.74,-0.29722000000000004,-0.07372,0.00426
7.76,-0.11036,-0.07787,0.0027600000000000003
7.78,0.54094,-0.07364,0.00125
7.8,0.94792,-0.05876000000000001,-8.999999999999999e-05
7.82,0.93733,-0.03999,-0.00106
7.84,0.40713,-0.026629999999999997,-0.0017000000000000001
7.86,-0.30923,-0.02574,-0.00219
7.88,-0.46352,-0.033549999999999996,-0.0027600000000000003
7.9,0.025179999999999998,-0.03803,-0.0034799999999999996
7.92,0.28504,-0.03501,-0.00421
7.94,-0.03827,-0.03263,-0.00486
7.96,-0.31732,-0.03627,-0.00553
7.98,-0.15982,-0.04113000000000001,-0.0062900000000000005
8.0,0.03899,-0.04234,-0.00714
8.02,0.17552,-0.04029,-0.00796
8.04,0.26444,-0.03598,-0.00873
8.06,0.25079999999999997,-0.03092,-0.009389999999999999
8.08,0.19127,-0.02659,-0.00997
8.1,-0.1675,-0.02644,-0.01048
8.12,-0.5933700000000001,-0.034140000000000004,-0.01107
8.14,-0.51051,-0.045270000000000005,-0.01187
8.16,-0.30168,-0.05349,-0.01286
8.18,-0.49599,-0.06155,-0.013999999999999999
8.2,-0.74564,-0.07397000000000001,-0.015349999999999999
8.22,-0.69792,-0.0885,-0.01698
8.24,-0.524,-0.10081,-0.01889
8.26,-0.3233,-0.10938,-0.02101
8.28,-0.22335999999999998,-0.11494,-0.02326
8.3,-0.23483,-0.11961000000000001,-0.025619999999999997
8.32,-0.05021,-0.12255,-0.028050000000000002
8.34,0.33503,-0.1198,-0.0305
8.36,0.7882899999999999,-0.10865999999999999,-0.03281
8.38,1.10514,-0.08982,-0.03481
8.4,0.89325,-0.06984,-0.0364
8.42,0.34447000000000005,-0.05755,-0.03767
8.44,0.08154,-0.053380000000000004,-0.03879
8.46,0.2687,-0.04997,-0.03985
8.48,0.43945,-0.04298,-0.040810000000000006
8.5,0.34082,-0.03526,-0.0416
8.52,0.24128,-0.029529999999999997,-0.04227
8.54,0.12958,-0.025920000000000002,-0.04283000000000001
8.56,0.01012,-0.02461,-0.04335
8.58,0.10918,-0.02351,-0.04386
8.6,0.22603,-0.02016,-0.0443
8.62,0.45856,-0.013389999999999999,-0.044669999999999994
8.64,0.70607,-0.00183,-0.04486
8.66,0.79247,0.01307,-0.044770000000000004
8.68,0.8882899999999999,0.02979,-0.044379999999999996
8.7,0.8069299999999999,0.04666000000000001,-0.04364
8.72,0.52713,0.05991,-0.04259
8.74,0.32772,0.06838,-0.04133
8.76,0.36835999999999997,0.07525,-0.03992
8.78,0.36322000000000004,0.08248,-0.03837
8.8,0.24959,0.08861000000000001,-0.03665
8.82,0.15755,0.09261,-0.03487
8.84,-0.04983,0.09361000000000001,-0.03304
8.86,-0.24947,0.09054000000000001,-0.031219999999999998
8.88,-0.22796,0.08569,-0.029500000000000002
8.9,-0.19569,0.08138,-0.02786
8.92,-0.1414,0.07793,-0.026309999999999997
8.94,-0.26113,0.07383,-0.024820000000000002
8.96,-0.56499,0.0655,-0.023450000000000002
8.98,-0.61798,0.05359,-0.02229
9.0,-0.40369,0.04337,-0.021330000000000002
9.02,-0.44848,0.03479,-0.02059
9.04,-0.71868,0.02305,-0.02004
9.06,-0.74739,0.008329999999999999,-0.01977
9.08,-0.41200000000000003,-0.00333,-0.01977
9.1,-0.0212,-0.00772,-0.01993
9.12,0.08231999999999999,-0.00718,-0.02012
9.14,0.19274000000000002,-0.00449,-0.02029
9.16,0.22085000000000002,-0.00042,-0.02038
9.18,-0.13315,0.0004,-0.0204
9.2,-0.23256,-0.0032600000000000003,-0.02043
9.22,0.11556,-0.0044800000000000005,-0.020560000000000002
9.24,0.33393999999999996,-4e-05,-0.020659999999999998
9.26,0.4255,0.00751,-0.020630000000000003
9.28,0.31207999999999997,0.014839999999999999,-0.02045
9.3,-0.14188,0.01649,-0.02017
9.32,-0.08344,0.01418,-0.01991
9.34,0.51322,0.01843,-0.01965
9.36,0.58069,0.02932,-0.01922
9.38,0.54874,0.04057,-0.01856
9.4,0.74224,0.05348,-0.01763
9.42,0.78999,0.06876,-0.01645
9.44,0.77191,0.08435000000000001,-0.01497
9.46,0.7186,0.09922,-0.01318
9.48,0.30542,0.10943,-0.011120000000000001
9.5,-0.22351,0.11021,-0.008960000000000001
9.52,-0.35473,0.10439,-0.00685
9.54,-0.2777,0.09804,-0.00488
9.56,-0.10477,0.09417999999999999,-0.00301
9.58,0.02346,0.09333,-0.0011899999999999999
9.6,-0.07762,0.09279,0.00068
9.62,-0.10122999999999999,0.09098,0.00247
9.64,0.28739000000000003,0.09282,0.00425
9.66,0.67269,0.10241,0.00614
9.68,0.71317,0.11625,0.00828
9.7,0.48430999999999996,0.1282,0.01068
9.72,-0.03461,0.13268000000000002,0.013260000000000001
9.74,-0.46238,0.12769,0.01583
9.76,-0.48062,0.11824,0.01825
9.78,-0.37856,0.10962999999999999,0.020470000000000002
9.8,-0.40406,0.10181,0.02259
9.82,-0.52361,0.09253,0.024489999999999998
9.84,-0.44244999999999995,0.08285999999999999,0.0262
9.86,-0.11033,0.07733,0.02774
9.88,0.19499,0.07818,0.02924
9.9,0.17992,0.08192,0.0308
9.92,-0.09685,0.08275,0.03241
9.94,-0.33344,0.07844999999999999,0.03398
9.96,-0.41641,0.07095,0.03543
9.98,-0.33153,0.06346,0.03673
10.0,-0.43467,0.0558,0.03793
10.02,-0.7126699999999999,0.044340000000000004,0.03889
10.04,-0.61075,0.031120000000000002,0.039599999999999996
10.06,-0.28983000000000003,0.02213,0.04008
10.08,-0.25678999999999996,0.01667,0.04043
10.1,-0.16868,0.012430000000000002,0.040670000000000005
10.12,-0.00228,0.01073,0.04086
10.14,-0.12481,0.009479999999999999,0.04102
10.16,-0.22390000000000002,0.006,0.041139999999999996
10.18,-0.11882999999999999,0.0025900000000000003,0.04117
10.2,-0.09829,0.00041,0.041210000000000004
10.22,-0.07558,-0.0013,0.041159999999999995
10.24,0.04089,-0.0016200000000000001,0.04109
10.26,-0.22291,-0.0034100000000000003,0.04101
10.28,-0.5248700000000001,-0.010860000000000002,0.040839999999999994
10.3,-0.48418,-0.02092,0.04048
10.32,-0.49171,-0.03066,0.03993
10.34,-0.5573400000000001,-0.041120000000000004,0.03918
10.36,-0.49944000000000005,-0.051660000000000005,0.03821
10.38,-0.39593000000000006,-0.060579999999999995,0.037040000000000003
10.4,-0.40892,-0.06863999999999999,0.035750000000000004
10.42,-0.2718,-0.0754,0.03428
10.44,-0.04298,-0.07851,0.0327
10.46,0.0014000000000000002,-0.07889,0.03109
10.48,-0.1167,-0.08,0.02947
10.5,-0.0999,-0.08212,0.02782
10.52,0.00588,-0.08302,0.02614
10.54,-0.08529999999999999,-0.08378000000000001,0.02444
10.56,-0.048760000000000005,-0.08507999999999999,0.022719999999999997
10.58,0.039529999999999996,-0.08513,0.02098
10.6,-0.08548,-0.08559,0.01928
10.62,-0.03935,-0.08679,0.01753
10.64,0.27140000000000003,-0.08442,0.015780000000000002
10.66,0.35356000000000004,-0.07812000000000001,0.01413
10.68,0.36040999999999995,-0.07092999999999999,0.01261
10.7,0.59275,-0.061340000000000006,0.01126
10.72,0.79053,-0.04746,0.01014
10.74,0.7934300000000001,-0.03157,0.00933
10.76,0.72069,-0.01638,0.00882
10.78,0.66825,-0.00244,0.00861
10.8,0.43459000000000003,0.00859,0.00868
10.82,0.15412,0.014539999999999999,0.00891
10.84,0.08101000000000001,0.01695,0.009210000000000001
10.86,0.03243,0.01814,0.00954
10.88,-0.05322,0.01799,0.00989
10.9,-0.04122,0.01711,0.01023
10.92,0.06411,0.0174,0.010549999999999999
10.94,-0.02635,0.01783,0.01089
10.96,-0.30619,0.014570000000000001,0.011200000000000002
10.98,-0.43274999999999997,0.00724,0.01141
11.0,-0.47450000000000003,-0.00184,0.011470000000000001
11.02,-0.47472000000000003,-0.01126,0.01133
11.04,-0.34619999999999995,-0.01941,0.011009999999999999
11.06,-0.25577,-0.02536,0.010549999999999999
11.08,-0.26069,-0.030459999999999997,0.00998
11.1,-0.29908,-0.03599,0.00931
11.12,-0.23632,-0.041280000000000004,0.00853
11.14,-0.14218999999999998,-0.045,0.0076500000000000005
11.16,-0.09069,-0.047259999999999996,0.00672
11.18,-0.03339,-0.048440000000000004,0.00575
11.2,-0.20937,-0.05087,0.0047599999999999995
11.22,-0.3998,-0.05689,0.00369
11.24,-0.29318,-0.06375,0.00248
11.26,-0.26783999999999997,-0.06929,0.00115
11.28,-0.45929000000000003,-0.07649,-0.0003
11.3,-0.55672,-0.08659,-0.00193
11.32,-0.29738,-0.09506,-0.00376
11.34,0.11717000000000001,-0.09679,-0.00569
11.36,0.41253999999999996,-0.09143000000000001,-0.00758
11.38,0.5099199999999999,-0.08213,-0.00932
11.4,0.46301000000000003,-0.0724,-0.01087
11.42,0.44741,-0.06323000000000001,-0.01222
11.44,0.39366,-0.05474999999999999,-0.013389999999999999
11.46,0.26938,-0.048049999999999995,-0.014410000000000001
11.48,0.31242000000000003,-0.04216,-0.015300000000000001
11.5,0.52599,-0.03371,-0.01606
11.52,0.46404,-0.02374,-0.01663
11.54,0.17576,-0.01727,-0.01702
11.56,0.22742,-0.01317,-0.01732
11.58,0.46495,-0.00618,-0.017509999999999998
11.6,0.46448999999999996,0.00312,-0.01754
11.62,0.28257,0.010660000000000001,-0.017390000000000003
11.64,0.09366,0.014490000000000001,-0.01712
11.66,0.07054,0.016200000000000003,-0.01679
11.68,0.09922,0.01796,-0.01644
11.7,0.05722000000000001,0.01959,-0.01605
11.72,0.05128,0.02075,-0.015629999999999998
11.74,-0.10249000000000001,0.0203,-0.0152
11.76,-0.27237,0.01662,-0.01481
11.78,-0.10042,0.012960000000000001,-0.01451
11.8,0.08167999999999999,0.01278,-0.01426
11.82,0.01072,0.01377,-0.01397
11.84,-0.06565,0.01328,-0.013680000000000001
11.86,-0.14885,0.011200000000000002,-0.01341
11.88,-0.28195,0.006959999999999999,-0.01321
11.9,-0.26890000000000003,0.00151,-0.0131
11.92,-0.16811,-0.0027900000000000004,-0.0131
11.94,-0.06997,-0.00511,-0.01316
11.96,0.00866,-0.005659999999999999,-0.01325
11.98,0.12271000000000001,-0.00428,-0.01333
12.0,0.13438,-0.0017100000000000001,-0.013389999999999999
12.02,0.09487,0.00064,-0.013380000000000001
12.04,0.10073,0.00265,-0.01332
12.06,0.05465,0.0042699999999999995,-0.01322
12.08,0.08592000000000001,0.00573,-0.0131
12.1,0.24140999999999999,0.00906,-0.012929999999999999
12.12,0.34218000000000004,0.014950000000000001,-0.012669999999999999
12.14,0.29841999999999996,0.021419999999999998,-0.01228
12.16,0.12735,0.02574,-0.011779999999999999
12.18,-0.04689,0.026600000000000002,-0.01123
12.2,0.04474,0.02658,-0.010700000000000001
12.22,0.19993,0.02907,-0.01012
12.24,0.10993,0.03222,-0.00947
12.26,-0.12868000000000002,0.032080000000000004,-0.00879
12.28,-0.24978999999999998,0.02835,-0.008159999999999999
12.3,-0.35131,0.02239,-0.00762
12.32,-0.44319000000000003,0.014490000000000001,-0.00722
12.34,-0.3259,0.00685,-0.006979999999999999
12.36,-0.22626000000000002,0.0013800000000000002,-0.00687
12.38,-0.24475999999999998,-0.00328,-0.006860000000000001
12.4,-0.20735,-0.0078000000000000005,-0.00697
12.42,-0.047779999999999996,-0.01031,-0.00713
12.44,0.15132,-0.00923,-0.0073
12.46,0.17582,-0.00592,-0.0074199999999999995
12.48,0.051500000000000004,-0.00361,-0.00748
12.5,-0.03307,-0.00338,-0.00752
12.52,0.02154,-0.0034599999999999995,-0.00756
12.54,0.07292,-0.00247,-0.00759
12.56,-0.10489000000000001,-0.0027500000000000003,-0.0076
12.58,-0.20457,-0.0058,-0.00766
12.6,-0.05589,-0.008409999999999999,-0.0078000000000000005
12.62,0.09002,-0.00804,-0.007940000000000001
12.64,0.05904,-0.006520000000000001,-0.00805
12.66,0.02355,-0.005659999999999999,-0.00814
12.68,0.13774,-0.00402,-0.00821
12.7,0.22813,-0.00033,-0.00823
12.72,0.32817999999999997,0.00526,-0.00815
12.74,0.35497999999999996,0.01213,-0.007940000000000001
12.76,0.21453,0.017849999999999998,-0.0076100000000000004
12.78,0.09379,0.02096,-0.007189999999999999
12.8,0.00864,0.02199,-0.006750000000000001
12.82,-0.05547,0.02154,-0.00628
12.84,-0.03339,0.02067,-0.005829999999999999
12.86,-0.01027,0.02025,-0.005390000000000001
12.88,-0.00894,0.02008,-0.00496
12.9,0.017929999999999998,0.02019,-0.00452
12.92,0.00749,0.02046,-0.00409
12.94,0.0037199999999999998,0.0206,-0.00364
12.96,-0.01611,0.020489999999999998,-0.0032
12.98,-0.06145,0.01974,-0.0027700000000000003
13.0,-0.08215,0.0183,-0.0023899999999999998
13.02,-0.04316,0.01705,-0.00201
13.04,-0.06849999999999999,0.01594,-0.00165
13.06,-0.15109999999999998,0.01376,-0.00132
13.08,-0.09829,0.01127,-0.00104
13.1,-0.03659,0.00993,-0.0008
13.12,-0.16479,0.00793,-0.0005899999999999999
13.14,-0.30688,0.00322,-0.00043999999999999996
13.16,-0.13004,-0.00114,-0.0004
13.18,0.11016,-0.00133,-0.0004
13.2,0.13131,0.00108,-0.00041
13.22,0.00947,0.00249,-0.00034
13.24,-0.10349,0.00155,-0.00027
13.26,-0.11869999999999999,-0.00068,-0.00024
13.28,-0.12029999999999999,-0.00307,-0.00025
13.3,-0.05822,-0.00486,-0.0003
13.32,0.08267,-0.00461,-0.00037999999999999997
13.34,0.14634,-0.00232,-0.00042
13.36,0.16041,0.00074,-0.00041
13.38,0.09147,0.0032600000000000003,-0.00034
13.4,-0.032850000000000004,0.00385,-0.00027
13.42,-0.10166,0.00249,-0.00017999999999999998
13.44,-0.11818,0.00028000000000000003,-0.00013
13.46,-0.09372,-0.00184,-0.00013
13.48,-0.04949,-0.00329,-0.00016
13.5,-0.043280000000000006,-0.00422,-0.00021
13.52,-0.01848,-0.00485,-0.00028000000000000003
13.54,0.14854,-0.00356,-0.00035000000000000005
13.56,0.32036000000000003,0.0011200000000000001,-0.00035999999999999997
13.58,0.41505000000000003,0.00846,-0.00024
13.6,0.43192,0.01693,1e-05
13.62,0.3018,0.024249999999999997,0.00045
13.64,0.14952,0.02875,0.001
13.66,0.12584,0.03149,0.0016200000000000001
13.68,0.17271,0.034460000000000005,0.0023
13.7,0.04496000000000001,0.03662,0.0030299999999999997
13.72,-0.1492,0.03556,0.00377
13.74,-0.14041,0.03265,0.00447
13.76,-0.12273999999999999,0.03,0.00512
13.78,-0.21198,0.026629999999999997,0.005699999999999999
13.8,-0.26682,0.021840000000000002,0.00619
13.82,-0.21157,0.01704,0.00659
13.84,-0.17370999999999998,0.01316,0.0069099999999999995
13.86,-0.21818,0.00922,0.00714
13.88,-0.29608,0.00406,0.00729
13.9,-0.29694,-0.0019,0.00733
13.92,-0.08106999999999999,-0.005699999999999999,0.00726
13.94,0.08385999999999999,-0.005699999999999999,0.00715
13.96,0.00768,-0.0048,0.0070599999999999994
13.98,-0.08359,-0.005580000000000001,0.00697
14.0,-0.17923999999999998,-0.00821,0.006840000000000001
14.02,-0.15676,-0.0116,0.0066500000000000005
14.04,0.02158,-0.01298,0.0064
14.06,0.10332000000000001,-0.01176,0.00616
14.08,0.026760000000000003,-0.01049,0.0059499999999999996
14.1,-0.07621,-0.011009999999999999,0.00575
14.12,-0.14464,-0.01325,0.005520000000000001
14.14,-0.09058999999999999,-0.015629999999999998,0.00523
14.16,0.029380000000000003,-0.01627,0.00492
14.18,0.10848000000000001,-0.01492,0.00461
14.2,0.16981000000000002,-0.01214,0.00434
14.22,0.21097000000000002,-0.00836,0.00414
14.24,0.11289999999999999,-0.00515,0.0040100000000000005
14.26,0.00095,-0.004050000000000001,0.00393
14.28,0.04401,-0.00363,0.00385
14.3,0.10898,-0.00213,0.00379
14.32,0.049530000000000005,-0.00058,0.00377
14.34,0.0023,-8.999999999999999e-05,0.00377
14.36,0.037360000000000004,0.00027,0.00377
14.38,0.006840000000000001,0.00068,0.00379
14.4,-0.03421,0.00041,0.0038
14.42,0.0019,5e-05,0.0038
14.44,0.13428,0.0013800000000000002,0.00381
14.46,0.17861999999999997,0.00447,0.00387
14.48,0.10477,0.0072699999999999996,0.0039900000000000005
14.5,0.0659,0.00894,0.00415
14.52,-0.03828,0.00918,0.00433
14.54,-0.17161,0.00705,0.0045000000000000005
14.56,-0.1185,0.00411,0.00461
14.58,-0.08010999999999999,0.00209,0.0046700000000000005
14.6,-0.22127,-0.00092,0.00469
14.62,-0.25009,-0.00567,0.00462
14.64,-0.14445,-0.009649999999999999,0.00446
14.66,-0.11954000000000001,-0.01233,0.00423
14.68,-0.06138,-0.01417,0.00396
14.7,0.00486,-0.01477,0.00366
14.72,0.015009999999999999,-0.014610000000000001,0.00336
14.74,-0.02313,-0.01473,0.00306
14.76,-0.06398,-0.015629999999999998,0.0027600000000000003
14.78,-0.07597000000000001,-0.017070000000000002,0.00243
14.8,-0.06149,-0.01844,0.00207
14.82,-0.07565000000000001,-0.01985,0.00168
14.84,-0.12942,-0.02193,0.00126
14.86,-0.13757,-0.02464,0.00078
14.88,-0.11541,-0.027200000000000002,0.00026
14.9,0.012729999999999998,-0.02826,-0.00031
14.92,0.16918,-0.02648,-0.0008699999999999999
14.94,0.16878,-0.02313,-0.0013800000000000002
14.96,0.12703,-0.02021,-0.00182
14.98,0.12615,-0.01771,-0.0022
15.0,0.08007,-0.01565,-0.00254
15.02,0.014119999999999999,-0.01474,-0.0028499999999999997
15.04,0.01735,-0.014459999999999999,-0.00315
15.06,0.06316,-0.01369,-0.00344
15.08,0.12606,-0.01183,-0.0037099999999999998
15.1,0.1359,-0.00924,-0.00394
15.12,0.11362,-0.0067800000000000004,-0.0040999999999999995
15.14,0.15224000000000001,-0.00415,-0.00423
15.16,0.12136,-0.00145,-0.0042899999999999995
15.18,0.02473,-2e-05,-0.00431
15.2,0.02556,0.00048,-0.00431
15.22,0.020259999999999997,0.00091,-0.00431
15.24,-0.12085000000000001,-0.00013,-0.00431
15.26,-0.16756000000000001,-0.0030399999999999997,-0.00435
15.28,-0.04365,-0.005180000000000001,-0.00445
15.3,0.07014000000000001,-0.0049499999999999995,-0.00457
15.32,0.049859999999999995,-0.00378,-0.0046700000000000005
15.34,0.050199999999999995,-0.0028100000000000004,-0.004739999999999999
15.36,0.10221999999999999,-0.00131,-0.0048
15.38,0.10686,0.00075,-0.00482
15.4,0.16746,0.0034899999999999996,-0.0047799999999999995
15.42,0.24078,0.00754,-0.00468
15.44,0.18092,0.01173,-0.0045000000000000005
15.46,0.11441000000000001,0.01466,-0.00425
15.48,0.08835000000000001,0.016659999999999998,-0.00395
15.5,0.048490000000000005,0.018000000000000002,-0.00361
15.52,0.01125,0.01857,-0.0032600000000000003
15.54,-0.00519,0.018600000000000002,-0.0029
15.56,0.01455,0.01866,-0.00255
15.58,-0.011000000000000001,0.01867,-0.00218
15.6,-0.017079999999999998,0.01839,-0.00181
15.62,-0.043449999999999996,0.01776,-0.00147
15.64,-0.08453,0.01645,-0.00114
15.66,-0.09713,0.014610000000000001,-0.00084
15.68,-0.10177,0.012589999999999999,-0.00058
15.7,-0.04190000000000001,0.01113,-0.00035999999999999997
15.72,0.018189999999999998,0.01087,-0.00016
15.74,0.05174,0.01154,5e-05
15.76,0.0426,0.01246,0.00028000000000000003
15.78,-0.0158,0.0127,0.00052
15.8,-0.08428000000000001,0.011699999999999999,0.0007599999999999999
15.82,-0.10736000000000001,0.00976,0.00096
15.84,-0.15595,0.0070999999999999995,0.0011200000000000001
15.86,-0.23107,0.00321,0.00121
15.88,-0.27041,-0.00183,0.00121
15.9,-0.25436,-0.0070999999999999995,0.00111
15.92,-0.19518999999999997,-0.011619999999999998,0.0009
15.94,-0.08586,-0.014459999999999999,0.00062
15.96,0.06548,-0.01468,0.00031
15.98,0.15033,-0.012549999999999999,2e-05
16.0,0.19521,-0.0091,-0.0002
16.02,0.23514,-0.00481,-0.00035000000000000005
16.04,0.26137,0.00013,-0.00041
16.06,0.20463,0.00477,-0.00037999999999999997
16.08,0.08634,0.00766,-0.00026
16.1,-0.02766,0.00823,-0.00012
16.12,-0.04579,0.00747,3e-05
16.14,-0.007850000000000001,0.0069099999999999995,0.00016
16.16,-0.02054,0.00661,0.00028000000000000003
16.18,0.01275,0.00651,0.00039
16.2,0.06186,0.00726,0.00053
16.22,0.06089000000000001,0.00847,0.00067
16.24,0.028210000000000002,0.009340000000000001,0.00084
16.26,-0.00777,0.00953,0.00101
16.28,-0.02053,0.00923,0.0011899999999999999
16.3,-0.045579999999999996,0.00855,0.00135
16.32,-0.03642,0.00771,0.0015
16.34,0.04736,0.0078000000000000005,0.0016300000000000002
16.36,0.00444,0.00831,0.00178
16.38,-0.10525999999999999,0.00728,0.00193
16.4,-0.02714,0.00596,0.0020599999999999998
16.42,-0.03128,0.00536,0.00216
16.44,-0.14232,0.00361,0.0022400000000000002
16.46,-0.12892,0.00089,0.00227
16.48,-0.08243,-0.00124,0.0022500000000000003
16.5,-0.045919999999999996,-0.00253,0.0022
16.52,-0.0043,-0.0030499999999999998,0.00213
16.54,-0.07505,-0.00385,0.0020499999999999997
16.56,-0.11010999999999999,-0.005719999999999999,0.00194
16.58,0.0139,-0.006690000000000001,0.0018
16.6,0.07747,-0.0057799999999999995,0.00167
16.62,0.15588,-0.00345,0.00156
16.64,0.25646,0.00066,0.0015199999999999999
16.66,0.15151,0.004739999999999999,0.00156
16.68,-0.0362,0.00588,0.00166
16.7,-0.06829,0.00483,0.0017599999999999998
16.72,-0.08227000000000001,0.00332,0.00183
16.74,-0.07864,0.0017000000000000001,0.00187
16.76,-0.013269999999999999,0.00078,0.00188
16.78,0.06219,0.00126,0.00188
16.8,0.08127000000000001,0.00269,0.00192
16.82,-0.005679999999999999,0.00345,0.00198
16.84,0.04334,0.00382,0.0020399999999999997
16.86,0.08689,0.00512,0.00211
16.88,0.04516,0.00644,0.00222
16.9,0.07797,0.00767,0.0023499999999999997
16.92,0.09695000000000001,0.00942,0.00251
16.94,0.00054,0.01039,0.0027
16.96,-0.13544,0.00904,0.0028899999999999998
16.98,-0.17514,0.0059299999999999995,0.0030299999999999997
17.0,-0.21721000000000001,0.00201,0.00311
17.02,-0.27836,-0.00294,0.00309
17.04,-0.2373,-0.008100000000000001,0.00297
17.06,-0.13749,-0.01184,0.0027600000000000003
17.08,-0.09896,-0.014199999999999999,0.00249
17.1,-0.046509999999999996,-0.01566,0.00218
17.12,0.05515,-0.015560000000000001,0.00185
17.14,0.07663,-0.01424,0.00155
17.16,-0.00977,-0.01357,0.00126
17.18,-0.02255,-0.01389,0.00098
17.2,0.023620000000000002,-0.013879999999999998,0.0007000000000000001
17.22,0.04931,-0.01314,0.00042
17.24,0.07729,-0.01187,0.00017
17.26,0.11926,-0.009899999999999999,-6e-05
17.28,0.07335,-0.00796,-0.00024
17.3,0.014910000000000001,-0.00707,-0.0004
17.32,0.03869,-0.00653,-0.00054
17.34,0.04224,-0.00571,-0.00067
17.36,0.036840000000000005,-0.00491,-0.00078
17.38,0.04316,-0.00411,-0.0008799999999999999
17.4,0.10691,-0.00261,-0.00095
17.42,0.14325,-8.999999999999999e-05,-0.00098
17.44,0.16608,0.00301,-0.00096
17.46,0.21819,0.00687,-0.00086
17.48,0.21396,0.011200000000000002,-0.0006900000000000001
17.5,0.19632000000000002,0.015309999999999999,-0.00043
17.52,0.1986,0.01927,-8e-05
17.54,0.08413999999999999,0.022109999999999998,0.00033
17.56,-0.10798,0.02189,0.00077
17.58,-0.1451,0.019370000000000002,0.0011799999999999998
17.6,-0.08842,0.01703,0.00154
17.62,-0.14783,0.01468,0.0018599999999999999
17.64,-0.12082000000000001,0.01201,0.00213
17.66,0.03173,0.01113,0.0023499999999999997
17.68,0.09164,0.01238,0.0025800000000000003
17.7,0.04044,0.013720000000000001,0.0028499999999999997
17.72,-0.0042699999999999995,0.01409,0.00312
17.74,-0.03673,0.0137,0.0034000000000000002
17.76,-0.03826,0.012960000000000001,0.00367
17.78,-0.05044,0.01209,0.00392
17.8,-0.07772,0.01081,0.00415
17.82,-0.08202,0.00922,0.00435
17.84,-0.09246,0.00749,0.00451
17.86,-0.07639,0.00582,0.0046500000000000005
17.88,-0.021339999999999998,0.00486,0.00475
17.9,0.02538,0.00492,0.00485
17.92,-0.0060799999999999995,0.00512,0.0049499999999999995
17.94,-0.00377,0.00504,0.00506
17.96,0.041420000000000005,0.005430000000000001,0.0051600000000000005
17.98,0.01981,0.006059999999999999,0.00528
18.0,-0.015009999999999999,0.00611,0.0054
18.02,-0.05285,0.00545,0.005520000000000001
18.04,-0.11753999999999999,0.00376,0.005620000000000001
18.06,-0.17556999999999998,0.00084,0.00567
18.08,-0.22744,-0.00317,0.00565
18.1,-0.20495999999999998,-0.00748,0.00555
18.12,-0.15289999999999998,-0.011040000000000001,0.00536
18.14,-0.12708,-0.013819999999999999,0.00512
18.16,-0.08932000000000001,-0.015969999999999998,0.00482
18.18,-0.03008,-0.017150000000000002,0.00449
18.2,0.004699999999999999,-0.0174,0.00414
18.22,0.0635,-0.01671,0.00381
18.24,0.09050000000000001,-0.015149999999999999,0.0034899999999999996
18.26,0.02033,-0.01403,0.00321
18.28,-0.00781,-0.013879999999999998,0.00293
18.3,-0.05168999999999999,-0.014459999999999999,0.00266
18.32,-0.11513999999999999,-0.016120000000000002,0.0023599999999999997
18.34,-0.09227,-0.01817,0.00202
18.36,-0.10167,-0.020099999999999996,0.00164
18.38,-0.17514,-0.022850000000000002,0.00122
18.4,-0.18326,-0.02644,0.0007199999999999999
18.42,-0.13909000000000002,-0.02964,0.00017
18.44,-0.06441,-0.03166,-0.00043999999999999996
18.46,-0.035070000000000004,-0.032639999999999995,-0.00108
18.48,-0.06534,-0.03363,-0.0017399999999999998
18.5,-0.03817,-0.03465,-0.00242
18.52,-0.009729999999999999,-0.03512,-0.00311
18.54,-0.010960000000000001,-0.03531,-0.00381
18.56,-0.01137,-0.03552,-0.00451
18.58,0.02465,-0.03537,-0.00521
18.6,0.08957000000000001,-0.034230000000000003,-0.0059099999999999995
18.62,0.14035999999999998,-0.031920000000000004,-0.00657
18.64,0.10926,-0.02941,-0.007169999999999999
18.66,0.00395,-0.02826,-0.00774
18.68,-0.02783,-0.02849,-0.0083
18.7,0.03286,-0.02842,-0.00887
18.72,0.06673,-0.02742,-0.00942
18.74,0.057409999999999996,-0.026160000000000003,-0.00995
18.76,0.11064,-0.024470000000000002,-0.01045
18.78,0.18626,-0.02149,-0.01091
18.8,0.17751,-0.017849999999999998,-0.0113
18.82,0.11979,-0.014870000000000001,-0.011619999999999998
18.84,0.15559,-0.0121,-0.01188
18.86,0.25573,-0.007980000000000001,-0.01208
18.88,0.22108,-0.0032,-0.012190000000000001
18.9,0.12925,0.00032,-0.012199999999999999
18.92,0.13441,0.00297,-0.01217
18.94,0.11979,0.005520000000000001,-0.01207
18.96,0.03751,0.00711,-0.01194
18.98,0.01102,0.0076,-0.01179
19.0,0.02621,0.00797,-0.01163
19.02,0.05541,0.0088,-0.01146
19.04,0.09656,0.010329999999999999,-0.01126
19.06,0.09535,0.01226,-0.01103
19.08,0.06973,0.013919999999999998,-0.01076
19.1,0.06378,0.015260000000000001,-0.01046
19.12,-0.00777,0.01584,-0.01015
19.14,-0.07436,0.01502,-0.00983
19.16,-0.00517,0.01424,-0.00953
19.18,0.02469,0.01444,-0.00924
19.2,-0.03939,0.0143,-0.00895
19.22,-0.06555,0.013260000000000001,-0.00867
19.24,-0.047560000000000005,0.01213,-0.008409999999999999
19.26,-0.0046300000000000004,0.011619999999999998,-0.00817
19.28,0.04349,0.01202,-0.007940000000000001
19.3,0.08675000000000001,0.01333,-0.00768
19.32,0.13824,0.01559,-0.00739
19.34,0.20369,0.01902,-0.007039999999999999
19.36,0.19244,0.02299,-0.00661
19.38,0.09795999999999999,0.0259,-0.00612
19.4,0.03914,0.02727,-0.005580000000000001
19.42,0.04543,0.028130000000000002,-0.00502
19.44,0.0678,0.02927,-0.00445
19.46,0.05,0.030449999999999998,-0.00385
19.48,0.03809,0.03134,-0.00322
19.5,0.02092,0.031939999999999996,-0.0025900000000000003
19.52,-0.02803,0.03188,-0.00194
19.54,-0.04149,0.031190000000000002,-0.00131
19.56,-0.03567,0.030430000000000002,-0.0006900000000000001
19.58,-0.06480999999999999,0.02943,-8.999999999999999e-05
19.6,-0.09253,0.02786,0.00049
19.62,-0.10163,0.025920000000000002,0.0010299999999999999
19.64,-0.09677,0.02395,0.00153
19.66,-0.07359,0.022250000000000002,0.00199
19.68,-0.04194,0.021099999999999997,0.00243
19.7,-0.04966,0.0202,0.0028399999999999996
19.72,-0.026269999999999998,0.01944,0.0032400000000000003
19.74,0.04715,0.01966,0.00363
19.76,0.07209,0.02086,0.00404
19.78,0.00033,0.021589999999999998,0.00447
19.8,-0.11779999999999999,0.020419999999999997,0.00489
19.82,-0.14653,0.01778,0.00528
19.84,-0.14605,0.014870000000000001,0.005600000000000001
19.86,-0.14577,0.01196,0.005869999999999999
19.88,-0.14803,0.00903,0.00609
19.9,-0.12783,0.00628,0.00624
19.92,-0.09076000000000001,0.0040999999999999995,0.00634
19.94,-0.10722,0.00213,0.00641
19.96,-0.13217,-0.00026,0.00643
19.98,-0.14880000000000002,-0.00306,0.0064
20.0,-0.10615000000000001,-0.00561,0.00631
20.02,0.01014,-0.00656,0.00618
20.04,0.0516,-0.0059299999999999995,0.006059999999999999
20.06,-0.033479999999999996,-0.0057399999999999994,0.0059499999999999996
20.08,-0.07075999999999999,-0.0067800000000000004,0.00582
20.1,-0.06262,-0.008100000000000001,0.005679999999999999
20.12,-0.0977,-0.009689999999999999,0.0055000000000000005
20.14,-0.10633,-0.01172,0.00529
20.16,-0.03544,-0.01313,0.00504
20.18,0.06770999999999999,-0.0128,0.0047799999999999995
20.2,0.12356,-0.01089,0.00454
20.22,0.09849000000000001,-0.00866,0.00435
20.24,0.06772,-0.00699,0.00419
20.26,0.07266,-0.00557,0.00407
20.28,0.05167,-0.00432,0.0039700000000000004
20.3,0.02242,-0.00357,0.0038900000000000002
20.32,0.03172,-0.00302,0.00383
20.34,0.05287,-0.00216,0.00377
20.36,0.01468,-0.00148,0.00374
20.38,-0.00989,-0.0014199999999999998,0.0037099999999999998
20.4,-0.0017399999999999998,-0.00154,0.00368
20.42,0.011040000000000001,-0.0014299999999999998,0.00365
20.44,-0.00026,-0.00132,0.00363
20.46,-0.042050000000000004,-0.0017299999999999998,0.0036
20.48,-0.03721,-0.00251,0.00356
20.5,-0.01477,-0.00302,0.0034999999999999996
20.52,-0.02907,-0.00345,0.00344
20.54,-0.04855,-0.00421,0.00337
20.56,-0.06643,-0.00536,0.0032700000000000003
20.58,-0.08377000000000001,-0.00685,0.00315
20.6,-0.06912,-0.00838,0.003
20.62,-0.040069999999999995,-0.00946,0.0028199999999999996
20.64,-0.0012,-0.00986,0.00263
20.66,0.062270000000000006,-0.00924,0.00244
20.68,0.12736,-0.00734,0.00227
20.7,0.13817000000000002,-0.0046700000000000005,0.00215
20.72,0.10769000000000001,-0.00221,0.00209
20.74,0.11002,-2e-05,0.00207
20.76,0.10883,0.00218,0.00209
20.78,0.08004,0.00407,0.00216
20.8,0.06599000000000001,0.00553,0.0022500000000000003
20.82,0.06165,0.0068200000000000005,0.0023799999999999997
20.84,0.0525,0.00797,0.00253
20.86,0.05624,0.00906,0.0027
20.88,0.05501,0.01018,0.0029
20.9,0.03943,0.01113,0.00311
20.92,0.02376,0.011770000000000001,0.00335
20.94,0.0022500000000000003,0.01204,0.00359
20.96,-0.01083,0.01196,0.00383
20.98,-0.02036,0.011659999999999998,0.00407
21.0,-0.09451000000000001,0.010509999999999999,0.0042899999999999995
21.02,-0.18252,0.00774,0.0044800000000000005
21.04,-0.15724,0.00435,0.00461
21.06,-0.07304000000000001,0.0020599999999999998,0.0046700000000000005
21.08,-0.00745,0.00126,0.004699999999999999
21.1,0.02897,0.00148,0.00473
21.12,0.04223,0.00219,0.00477
21.14,0.05887,0.00321,0.00483
21.16,0.014879999999999999,0.00396,0.00491
21.18,-0.06613000000000001,0.00345,0.00499
21.2,-0.07344,0.0020499999999999997,0.00504
21.22,-0.09126,0.00041,0.00507
21.24,-0.14248,-0.00193,0.00506
21.26,-0.14483000000000001,-0.0048,0.005
21.28,-0.09458,-0.007189999999999999,0.00488
21.3,-0.09275,-0.00906,0.004719999999999999
21.32,-0.09897,-0.01097,0.00452
21.34,-0.07601,-0.01272,0.0042899999999999995
21.36,-0.06527,-0.01413,0.004030000000000001
21.38,-0.09474,-0.01572,0.00373
21.4,-0.1092,-0.01776,0.0034000000000000002
21.42,-0.08814,-0.01974,0.0030299999999999997
21.44,-0.09844,-0.0216,0.00262
21.46,-0.07821,-0.023370000000000002,0.00217
21.48,0.0043,-0.02411,0.0017000000000000001
21.5,0.07804,-0.02328,0.00123
21.52,0.07876,-0.021709999999999997,0.00078
21.54,0.07702,-0.02016,0.00037
21.56,0.04304,-0.01895,-2e-05
21.58,-0.01359,-0.01866,-0.00039
21.6,-0.0074399999999999996,-0.01887,-0.0007599999999999999
21.62,0.045250000000000005,-0.018500000000000003,-0.00113
21.64,0.11391,-0.01691,-0.00149
21.66,0.16187,-0.014150000000000001,-0.00179
21.68,0.13906000000000002,-0.01115,-0.0020399999999999997
21.7,0.14398,-0.00832,-0.00223
21.72,0.13601000000000002,-0.005520000000000001,-0.0023599999999999997
21.74,0.022949999999999998,-0.00393,-0.00245
21.76,-0.01925,-0.0039000000000000003,-0.00252
21.78,0.0689,-0.0034000000000000002,-0.0025900000000000003
21.8,0.11747,-0.00154,-0.00265
21.82,0.05235,0.00015,-0.00265
21.84,-0.02113,0.00046,-0.00264
21.86,0.01705,0.00041,-0.00263
21.88,0.0051600000000000005,0.00063,-0.00261
21.9,-0.06916,-2e-05,-0.0026
21.92,-0.11369,-0.00185,-0.00261
21.94,-0.11723,-0.00417,-0.00267
21.96,-0.048049999999999995,-0.00582,-0.0027600000000000003
21.98,-0.02347,-0.006540000000000001,-0.0028799999999999997
22.0,-0.010589999999999999,-0.00688,-0.00302
22.02,0.040369999999999996,-0.0066,-0.00315
22.04,0.09477000000000001,-0.00525,-0.0032700000000000003
22.06,0.17021,-0.00261,-0.00334
22.08,0.16657,0.00075,-0.00336
22.1,0.09820999999999999,0.0033900000000000002,-0.00331
22.12,0.07814,0.00515,-0.00322
22.14,0.01328,0.00605,-0.0031
22.16,-0.02238,0.0059499999999999996,-0.00298
22.18,0.05065,0.00623,-0.0028499999999999997
22.2,0.08865,0.00762,-0.00271
22.22,0.01284,0.00863,-0.00255
22.24,-0.030520000000000002,0.00844,-0.0023699999999999997
22.26,0.02085,0.008329999999999999,-0.0022
22.28,0.05135,0.00904,-0.00203
22.3,-0.03786,0.009170000000000001,-0.00184
22.32,-0.05903,0.00819,-0.00166
22.34,-0.014119999999999999,0.00745,-0.0015
22.36,-0.03412,0.00695,-0.00135
22.38,-0.037000000000000005,0.00623,-0.00122
22.4,-0.05508,0.0053100000000000005,-0.0011
22.42,-0.0959,0.00379,-0.001
22.44,-0.10167999999999999,0.0018,-0.00094
22.46,-0.013680000000000001,0.00064,-0.00092
22.48,0.044349999999999994,0.0009299999999999999,-0.0009
22.5,0.04806,0.00184,-0.0008699999999999999
22.52,0.08289999999999999,0.00314,-0.00082
22.54,0.01129,0.00407,-0.00075
22.56,-0.04107,0.00376,-0.00066
22.58,0.00967,0.00344,-0.0005899999999999999
22.6,-0.02298,0.0033,-0.00052
22.62,-0.045309999999999996,0.00261,-0.00046
22.64,-0.03775,0.0017599999999999998,-0.00041
22.66,-0.00164,0.00136,-0.00037999999999999997
22.68,0.0616,0.00194,-0.00035000000000000005
22.7,-0.0060799999999999995,0.00249,-0.0003
22.72,-0.06136,0.0018,-0.00025
22.74,0.01886,0.00136,-0.00021999999999999998
22.76,0.01073,0.00164,-0.00018999999999999998
22.78,-0.05909,0.00115,-0.00016
22.8,-0.01012,0.00045,-0.00014000000000000001
22.82,0.011319999999999998,0.00045,-0.00014000000000000001
22.84,-0.04868,6e-05,-0.00013
22.86,-0.027080000000000003,-0.0007099999999999999,-0.00013
22.88,0.03933,-0.0006,-0.00015
22.9,0.02763,6e-05,-0.00015
22.92,0.0452,0.00077,-0.00014000000000000001
22.94,0.08833,0.00209,-0.00012
22.96,0.04258,0.0033900000000000002,-6e-05
22.98,-0.00752,0.0037199999999999998,1e-05
23.0,0.03739,0.00402,8.999999999999999e-05
23.02,0.05405,0.00492,0.00017999999999999998
23.04,0.006520000000000001,0.00551,0.00028000000000000003
23.06,-0.00508,0.00551,0.00039
23.08,-0.0377,0.00507,0.0005
23.1,-0.06894,0.0039900000000000005,0.0005899999999999999
23.12,-0.06852,0.0026,0.00066
23.14,-0.03689,0.00153,0.0007000000000000001
23.16,-0.011430000000000001,0.00104,0.0007199999999999999
23.18,0.010820000000000001,0.0010199999999999999,0.00074
23.2,-0.02907,0.00083,0.0007599999999999999
23.22,-0.07254,-0.0002,0.00077
23.24,-0.0538,-0.00147,0.00075
23.26,-0.06278,-0.00266,0.0007000000000000001
23.28,-0.06715,-0.0039700000000000004,0.00064
23.3,-0.044800000000000006,-0.0051,0.00054
23.32,0.00983,-0.00547,0.00043
23.34,0.01885,-0.00519,0.00032
23.36,0.00261,-0.00499,0.00021999999999999998
23.38,-0.0334,-0.0053100000000000005,0.00012
23.4,-0.0679,-0.00633,0.0
23.42,-0.01699,-0.007189999999999999,-0.00014000000000000001
23.44,0.048470000000000006,-0.006889999999999999,-0.00028000000000000003
23.46,0.035089999999999996,-0.006059999999999999,-0.00041
23.48,0.01312,-0.00559,-0.00053
23.5,0.01455,-0.0053300000000000005,-0.00065
23.52,0.014110000000000001,-0.00506,-0.00075
23.54,0.00596,-0.00487,-0.00086
23.56,0.041280000000000004,-0.00441,-0.00095
23.58,0.09936,-0.00302,-0.0010299999999999999
23.6,0.07274,-0.0013,-0.00107
23.62,0.0085,-0.0005,-0.00109
23.64,-0.03107,-0.00073,-0.00111
23.66,-0.04394,-0.0015,-0.00113
23.68,-0.08157,-0.0027600000000000003,-0.0011799999999999998
23.7,-0.10615999999999999,-0.0046500000000000005,-0.00126
23.72,-0.08477,-0.00657,-0.0013700000000000001
23.74,-0.06448000000000001,-0.00808,-0.00153
23.76,-0.09028,-0.00964,-0.0017100000000000001
23.78,-0.12086999999999999,-0.01176,-0.00192
23.8,-0.09462,-0.01391,-0.00218
23.82,-0.02231,-0.01509,-0.00248
23.84,0.053540000000000004,-0.014790000000000001,-0.0027800000000000004
23.86,0.07678,-0.013500000000000002,-0.00307
23.88,0.05939,-0.012150000000000001,-0.00333
23.9,-0.00767,-0.01164,-0.00357
23.92,-0.017689999999999997,-0.011899999999999999,-0.00382
23.94,0.031709999999999995,-0.011770000000000001,-0.00406
23.96,0.06066,-0.010860000000000002,-0.0042899999999999995
23.98,0.08975,-0.00937,-0.0045000000000000005
24.0,0.10533,-0.0074199999999999995,-0.0046700000000000005
24.02,0.06177,-0.00575,-0.0048
24.04,0.01599,-0.00498,-0.00492
24.06,0.03282,-0.0045000000000000005,-0.00502
24.08,0.05928,-0.00359,-0.0051
24.1,0.08307,-0.00217,-0.00517
24.12,0.12982,-5e-05,-0.0052
24.14,0.12671,0.00251,-0.005180000000000001
24.16,0.09078,0.0046700000000000005,-0.00511
24.18,0.08907,0.0064600000000000005,-0.00501
24.2,0.05305,0.007890000000000001,-0.00486
24.22,-0.020489999999999998,0.00821,-0.004699999999999999
24.24,-0.07818,0.007209999999999999,-0.00455
24.26,-0.05781,0.005849999999999999,-0.00443
24.28,-0.02073,0.00506,-0.00433
24.3,-0.01805,0.0046700000000000005,-0.00424
24.32,-0.00559,0.00442,-0.00415
24.34,0.022719999999999997,0.00459,-0.00407
24.36,0.026690000000000002,0.00508,-0.00398
24.38,-0.03517,0.00499,-0.0038900000000000002
24.4,-0.1142,0.0034899999999999996,-0.0038
24.42,-0.12259,0.0011200000000000001,-0.00376
24.44,-0.07473,-0.0008500000000000001,-0.00376
24.46,-0.01117,-0.0017100000000000001,-0.0038
24.48,0.0496,-0.00133,-0.00384
24.5,0.04859,-0.00035999999999999997,-0.00386
24.52,0.01151,0.00024,-0.00387
24.54,0.012,0.00048,-0.00387
24.56,0.010069999999999999,0.0006900000000000001,-0.00386
24.58,0.012589999999999999,0.00092,-0.00385
24.6,0.00262,0.00107,-0.00383
24.62,-0.024489999999999998,0.0008500000000000001,-0.00382
24.64,0.04622,0.00107,-0.00381
24.66,0.09406,0.00247,-0.00378
24.68,0.08464,0.00426,-0.0037199999999999998
24.7,0.14058,0.00651,-0.00362
24.72,0.1552,0.00947,-0.0034699999999999996
24.74,0.07719999999999999,0.01179,-0.0032600000000000003
24.76,0.034089999999999995,0.0129,-0.00302
24.78,-0.03896,0.01286,-0.0027600000000000003
24.8,-0.09834,0.011479999999999999,-0.00252
24.82,-0.05427,0.00996,-0.00231
24.84,-0.03115,0.0091,-0.00213
24.86,-0.01704,0.00863,-0.00196
24.88,-0.0232,0.00823,-0.00179
24.9,-0.02131,0.0077800000000000005,-0.00164
24.92,0.00982,0.00767,-0.00149
24.94,0.00649,0.00784,-0.00134
24.96,0.01567,0.008060000000000001,-0.0011899999999999999
24.98,0.0182,0.0084,-0.0010299999999999999
25.0,-0.02557,0.008329999999999999,-0.00086
25.02,-0.039689999999999996,0.00768,-0.0007099999999999999
25.04,-0.03735,0.0069099999999999995,-0.00057
25.06,-0.0269,0.00627,-0.00043999999999999996
25.08,0.05289,0.006540000000000001,-0.00032
25.1,0.09202,0.00799,-0.00018999999999999998
25.12,0.07826,0.0097,-1e-05
25.14,0.08272,0.011319999999999998,0.00018999999999999998
25.16,0.09229,0.01307,0.00043
25.18,0.10134,0.015009999999999999,0.0007000000000000001
25.2,0.09512999999999999,0.01697,0.0010199999999999999
25.22,0.10712999999999999,0.019,0.0013800000000000002
25.24,0.09728999999999999,0.02105,0.0017699999999999999
25.26,0.06392,0.02267,0.00221
25.28,0.0444,0.02376,0.00267
25.3,0.03042,0.02452,0.00315
25.32,-0.00473,0.024780000000000003,0.00364
25.34,-0.03585,0.024380000000000002,0.0041199999999999995
25.36,-0.05076,0.02352,0.0046
25.38,-0.07221,0.0223,0.00505
25.4,-0.07261000000000001,0.02085,0.0054800000000000005
25.42,-0.06173,0.01951,0.00588
25.44,-0.06077,0.0183,0.00626
25.46,-0.03768,0.01732,0.00661
25.48,-0.02122,0.016739999999999998,0.006939999999999999
25.5,-0.02842,0.01625,0.0072699999999999996
25.52,-0.02635,0.01571,0.00758
25.54,-0.02629,0.015189999999999999,0.007890000000000001
25.56,-0.02844,0.014650000000000002,0.00818
25.58,-0.0287,0.01409,0.00847
25.6,-0.02314,0.01357,0.00874
25.62,-0.05168999999999999,0.01283,0.00901
25.64,-0.06623,0.011659999999999998,0.009250000000000001
25.66,-0.07161,0.010289999999999999,0.00947
25.68,-0.09117000000000001,0.00868,0.009649999999999999
25.7,-0.08256999999999999,0.00695,0.00981
25.72,-0.05077,0.005620000000000001,0.00993
25.74,-0.0208,0.00492,0.010029999999999999
25.76,-0.037610000000000005,0.00434,0.01012
25.78,-0.06918,0.00328,0.01019
25.8,-0.07197,0.00187,0.010249999999999999
25.82,-0.0704,0.00046,0.01027
25.84,-0.06698,-0.0009,0.01026
25.86,-0.04585,-0.00202,0.01023
25.88,-0.05392,-0.00301,0.01018
25.9,-0.07411,-0.00428,0.0101
25.92,-0.08063000000000001,-0.00582,0.01
25.94,-0.06423,-0.0072499999999999995,0.00987
25.96,-0.052469999999999996,-0.008409999999999999,0.00971
25.98,-0.05787,-0.0095,0.00953
26.0,-0.061020000000000005,-0.01069,0.00933
26.02,-0.059640000000000006,-0.011890000000000001,0.0091
26.04,-0.06187,-0.01309,0.00885
26.06,-0.07241,-0.014419999999999999,0.00857
26.08,-0.09172000000000001,-0.01605,0.00827
26.1,-0.11405,-0.0181,0.00793
26.12,-0.09288,-0.02016,0.00754
26.14,-0.05917,-0.02167,0.00712
26.16,-0.0342,-0.02259,0.00668
26.18,-0.01393,-0.02306,0.00622
26.2,0.0097,-0.0231,0.0057599999999999995
26.22,0.03391,-0.02266,0.0053
26.24,0.02711,-0.022029999999999998,0.00485
26.26,-0.01573,-0.02191,0.00442
26.28,-0.0018599999999999999,-0.02207,0.00398
26.3,0.06061,-0.02147,0.0035399999999999997
26.32,0.10095000000000001,-0.01985,0.00313
26.34,0.10715,-0.01775,0.0027500000000000003
26.36,0.10108,-0.01566,0.00242
26.38,0.10712999999999999,-0.01357,0.00212
26.4,0.09069,-0.01159,0.00187
26.42,0.06401,-0.010029999999999999,0.00166
26.44,0.05649,-0.00882,0.00147
26.46,0.046740000000000004,-0.00777,0.00131
26.48,0.0453,-0.006840000000000001,0.00116
26.5,0.057859999999999995,-0.0058,0.00104
26.52,0.05635,-0.00464,0.00094
26.54,0.03274,-0.00374,0.00086
26.56,-0.0073,-0.0034699999999999996,0.00079
26.58,-0.01908,-0.00373,0.0007199999999999999
26.6,-0.00534,-0.0039700000000000004,0.00064
26.62,-0.0541,-0.00456,0.0005600000000000001
26.64,-0.1142,-0.00623,0.00045
26.66,-0.07175,-0.00808,0.00031
26.68,-0.03366,-0.00912,0.00014000000000000001
26.7,-0.07364,-0.01018,-5e-05
26.72,-0.0692,-0.0116,-0.00026
26.74,-0.020950000000000003,-0.012490000000000001,-0.0005
26.76,-0.012509999999999999,-0.012809999999999998,-0.00075
26.78,-0.013720000000000001,-0.01307,-0.00101
26.8,-0.00065,-0.01321,-0.00127
26.82,0.01065,-0.0131,-0.00153
26.84,0.00822,-0.0129,-0.00179
26.86,0.0085,-0.012729999999999998,-0.0020399999999999997
26.88,0.00626,-0.01257,-0.00229
26.9,-0.00451,-0.01254,-0.00254
26.92,-0.00192,-0.0126,-0.0027800000000000004
26.94,0.0326,-0.01228,-0.0030299999999999997
26.96,0.06483,-0.0113,-0.0032600000000000003
26.98,0.05257,-0.01011,-0.0034699999999999996
27.0,0.03451,-0.00924,-0.00367
27.02,0.03788,-0.00851,-0.00384
27.04,0.034249999999999996,-0.0077800000000000005,-0.004
27.06,0.01448,-0.00728,-0.00414
27.08,0.01056,-0.007019999999999999,-0.00428
27.1,0.03903,-0.006520000000000001,-0.00442
27.12,0.03527,-0.00577,-0.00453
27.14,-0.009210000000000001,-0.0055000000000000005,-0.00464
27.16,-0.03694,-0.0059499999999999996,-0.00475
27.18,-0.051399999999999994,-0.00683,-0.00487
27.2,-0.06417,-0.007980000000000001,-0.00502
27.22,-0.07595,-0.00938,-0.00519
27.24,-0.06628,-0.01079,-0.005390000000000001
27.26,-0.07461999999999999,-0.012190000000000001,-0.00561
27.28,-0.07798,-0.01371,-0.00586
27.3,-0.05503,-0.015029999999999998,-0.00615
27.32,-0.03215,-0.0159,-0.00645
27.34,-0.02472,-0.01646,-0.006770000000000001
27.36,-0.00464,-0.01675,-0.0070999999999999995
27.38,0.027080000000000003,-0.01652,-0.00743
27.4,0.027530000000000002,-0.015969999999999998,-0.00775
27.42,0.0304,-0.01539,-0.008060000000000001
27.44,0.058550000000000005,-0.014490000000000001,-0.00835
27.46,0.09652,-0.01294,-0.00863
27.48,0.09875,-0.01098,-0.00886
27.5,0.09333999999999999,-0.00905,-0.00905
27.52,0.10143,-0.0070999999999999995,-0.009210000000000001
27.54,0.09009,-0.005180000000000001,-0.00933
27.56,0.07469,-0.0035199999999999997,-0.00941
27.58,0.08676,-0.00191,-0.00946
27.6,0.10596,2e-05,-0.009479999999999999
27.62,0.10759,0.00216,-0.00945
27.64,0.07429000000000001,0.00398,-0.00938
27.66,0.042140000000000004,0.00515,-0.00928
27.68,0.0479,0.00605,-0.00916
27.7,0.05269,0.0070599999999999994,-0.00903
27.72,0.05212,0.00812,-0.00887
27.74,0.04165,0.00906,-0.00869
27.76,0.042030000000000005,0.009899999999999999,-0.0085
27.78,0.033889999999999997,0.010660000000000001,-0.008289999999999999
27.8,0.02946,0.01129,-0.00807
27.82,0.03105,0.011899999999999999,-0.00783
27.84,0.03837,0.0126,-0.00758
27.86,0.03274,0.013309999999999999,-0.00731
27.88,0.00882,0.01373,-0.007039999999999999
27.9,0.00501,0.01387,-0.006750000000000001
27.92,-0.0072699999999999996,0.01385,-0.00647
27.94,-0.01703,0.013600000000000001,-0.00619
27.96,-0.020499999999999997,0.013229999999999999,-0.00592
27.98,-0.006860000000000001,0.012960000000000001,-0.00565
28.0,0.022789999999999998,0.01312,-0.005390000000000001
28.02,0.0227,0.01357,-0.00512
28.04,0.01172,0.01391,-0.00484
28.06,0.03993,0.01443,-0.00455
28.08,0.051680000000000004,0.015349999999999999,-0.00425
28.1,0.01702,0.016040000000000002,-0.00393
28.12,-0.0103,0.0161,-0.0036
28.14,-0.00525,0.01595,-0.0032700000000000003
28.16,-0.0028699999999999997,0.01586,-0.00295
28.18,-0.00391,0.0158,-0.00263
28.2,-0.00356,0.01572,-0.00231
28.22,-0.00618,0.01562,-0.00199
28.24,-0.01692,0.01539,-0.00168
28.26,-0.02236,0.015,-0.0013700000000000001
28.28,-0.01481,0.01462,-0.00107
28.3,0.013349999999999999,0.0146,-0.00077
28.32,0.06578,0.01539,-0.00047
28.34,0.06582,0.01671,-0.00014000000000000001
28.36,0.02811,0.01765,0.00021
28.38,0.0027500000000000003,0.01795,0.00057
28.4,-0.0012,0.01797,0.0009299999999999999
28.42,-0.0007099999999999999,0.01794,0.0012900000000000001
28.44,-0.01921,0.01774,0.00165
28.46,-0.02318,0.017310000000000002,0.00201
28.48,-0.03619,0.01672,0.0023499999999999997
28.5,-0.05008,0.01585,0.00268
28.52,-0.04859,0.01486,0.00299
28.54,-0.04151,0.013959999999999998,0.00329
28.56,-0.01282,0.01341,0.00356
28.58,0.00462,0.01332,0.00384
28.6,0.00065,0.013380000000000001,0.0040999999999999995
28.62,0.00947,0.01347,0.00438
28.64,0.011319999999999998,0.01367,0.0046500000000000005
28.66,-0.0036,0.01375,0.00493
28.68,-0.00831,0.01362,0.00521
28.7,0.01229,0.01366,0.0054800000000000005
28.72,0.02069,0.01398,0.0057599999999999995
28.74,0.01722,0.01436,0.00605
28.76,0.00203,0.014539999999999999,0.00634
28.78,-0.04472,0.014110000000000001,0.0066300000000000005
28.8,-0.06053,0.01306,0.0069099999999999995
28.82,-0.07715,0.01167,0.00716
28.84,-0.11031,0.00979,0.00738
28.86,-0.12208999999999999,0.00746,0.00755
28.88,-0.10188000000000001,0.00521,0.00768
28.9,-0.09092,0.00328,0.00777
28.92,-0.10615999999999999,0.0013,0.00782
28.94,-0.09061,-0.00067,0.00783
28.96,-0.06656,-0.0022500000000000003,0.0078000000000000005
28.98,-0.04197,-0.00334,0.00775
29.0,-0.02399,-0.004,0.00767
29.02,-0.02445,-0.0045000000000000005,0.00759
29.04,-0.04353,-0.005180000000000001,0.00749
29.06,-0.04952,-0.00612,0.00738
29.08,-0.054240000000000003,-0.007169999999999999,0.0072499999999999995
29.1,-0.06094,-0.008329999999999999,0.0070999999999999995
29.12,-0.05958,-0.00954,0.006919999999999999
29.14,-0.06115,-0.01076,0.00672
29.16,-0.06847,-0.01206,0.00649
29.18,-0.07155,-0.01347,0.00624
29.2,-0.05044,-0.014690000000000002,0.00596
29.22,-0.02274,-0.01543,0.005659999999999999
29.24,-0.00179,-0.01569,0.005350000000000001
29.26,0.00653,-0.01565,0.00503
29.28,0.00219,-0.015569999999999999,0.004719999999999999
29.3,0.00061,-0.01555,0.00441
29.32,0.00512,-0.0155,0.0040999999999999995
29.34,0.011040000000000001,-0.015349999999999999,0.00379
29.36,0.010409999999999999,-0.01514,0.0034899999999999996
29.38,0.011970000000000001,-0.01493,0.00319
29.4,0.03004,-0.01451,0.0028899999999999998
29.42,0.02029,-0.01401,0.00261
29.44,0.010029999999999999,-0.013720000000000001,0.00233
29.46,0.02254,-0.0134,0.0020599999999999998
29.48,0.04983,-0.01269,0.0018
29.5,0.06033,-0.0116,0.00155
29.52,0.01565,-0.01085,0.00133
29.54,-0.0225,-0.010920000000000001,0.00111
29.56,-0.01942,-0.01135,0.00089
29.58,-0.00996,-0.011659999999999998,0.00066
29.6,-0.0121,-0.01188,0.00042
29.62,-0.0068200000000000005,-0.01207,0.00017999999999999998
29.64,0.00752,-0.01208,-6e-05
29.66,0.01599,-0.011850000000000001,-0.0003
29.68,0.01455,-0.01155,-0.00054
29.7,0.01846,-0.01123,-0.00077
29.72,0.00976,-0.010960000000000001,-0.00099
29.74,0.01195,-0.01075,-0.00121
29.76,0.00338,-0.01061,-0.0014199999999999998
29.78,-0.01234,-0.010709999999999999,-0.00164
29.8,-0.00025,-0.01083,-0.0018599999999999999
29.82,0.00242,-0.010820000000000001,-0.00207
29.84,-0.0028000000000000004,-0.01083,-0.00229
29.86,0.0076300000000000005,-0.01079,-0.00251
29.88,0.01324,-0.010589999999999999,-0.0027300000000000002
29.9,0.01316,-0.010329999999999999,-0.00294
29.92,0.02689,-0.00994,-0.00315
29.94,0.03428,-0.009340000000000001,-0.00334
29.96,0.03723,-0.00863,-0.0035199999999999997
29.98,0.028069999999999998,-0.00799,-0.00369
30.0,0.03464,-0.00736,-0.00385
30.02,0.04779,-0.006540000000000001,-0.0039900000000000005
30.04,0.07655,-0.0053100000000000005,-0.00411
30.06,0.09046,-0.00364,-0.00421
30.08,0.10855000000000001,-0.00166,-0.00426
30.1,0.11595000000000001,0.00058,-0.00428
30.12,0.08131000000000001,0.00254,-0.00425
30.14,0.05962,0.00395,-0.00419
30.16,0.03436,0.00488,-0.0040999999999999995
30.18,0.00991,0.0053100000000000005,-0.004
30.2,-0.00381,0.00538,-0.0038900000000000002
30.22,-0.00738,0.00526,-0.00379
30.24,0.0139,0.00532,-0.00369
30.26,0.03015,0.00575,-0.00358
30.28,0.02926,0.00634,-0.0034699999999999996
30.3,0.051879999999999996,0.00715,-0.00333
30.32,0.0541,0.008199999999999999,-0.00319
30.34,0.05457,0.00928,-0.00301
30.36,0.05165,0.01034,-0.0028199999999999996
30.38,0.03464,0.01119,-0.00261
30.4,0.02069,0.01175,-0.0023799999999999997
30.42,0.00462,0.01199,-0.00215
30.44,-0.01747,0.011859999999999999,-0.00191
30.46,-0.0358,0.01133,-0.00168
30.48,-0.0252,0.010709999999999999,-0.00147
30.5,-0.03581,0.0101,-0.00126
30.52,-0.038239999999999996,0.00935,-0.00107
30.54,-0.0017499999999999998,0.00895,-0.0009
30.56,-0.0019,0.00891,-0.0007199999999999999
30.58,0.00416,0.00892,-0.00055
30.6,-0.00622,0.0089,-0.00037
30.62,-0.013269999999999999,0.00871,-0.0002
30.64,-0.00197,0.00855,-3e-05
30.66,-0.03298,0.008199999999999999,0.00014000000000000001
30.68,-0.03956,0.00747,0.00029
30.7,-0.0076300000000000005,0.006999999999999999,0.00043
30.72,0.004699999999999999,0.006959999999999999,0.0005600000000000001
30.74,0.0051,0.0070599999999999994,0.0007000000000000001
30.76,0.03314,0.0074399999999999996,0.00084
30.78,0.03345,0.008100000000000001,0.00099
30.8,0.025920000000000002,0.00869,0.00116
30.82,0.0255,0.009210000000000001,0.00133
30.84,0.00861,0.00955,0.0015199999999999999
30.86,-0.020819999999999998,0.00942,0.0017000000000000001
30.88,-0.04109,0.0088,0.00188
30.9,-0.051710000000000006,0.00787,0.0020399999999999997
30.92,-0.05175,0.006840000000000001,0.00219
30.94,-0.0559,0.0057599999999999995,0.00231
30.96,-0.04579,0.004739999999999999,0.00241
30.98,-0.03962,0.0038900000000000002,0.00249
31.0,-0.041929999999999995,0.00307,0.00256
31.02,-0.04107,0.0022400000000000002,0.00261
31.04,-0.049210000000000004,0.00134,0.00264
31.06,-0.032080000000000004,0.00052,0.00266
31.08,-0.02491,-4e-05,0.00266
31.1,-0.027839999999999997,-0.00057,0.00264
31.12,-0.02445,-0.00109,0.00262
31.14,-0.0032500000000000003,-0.0013700000000000001,0.0025900000000000003
31.16,0.00053,-0.0014000000000000002,0.00256
31.18,0.00097,-0.0013800000000000002,0.00253
31.2,-0.004719999999999999,-0.0014199999999999998,0.0025
31.22,-0.0078000000000000005,-0.00155,0.00247
31.24,-0.016810000000000002,-0.00179,0.00243
31.26,-0.028239999999999998,-0.0022400000000000002,0.0023899999999999998
31.28,-0.0255,-0.0027800000000000004,0.00234
31.3,-0.02713,-0.0033,0.00227
31.32,-0.029140000000000003,-0.00386,0.0022
31.34,-0.03886,-0.00454,0.00211
31.36,-0.04179,-0.00534,0.00201
31.38,-0.03465,-0.00611,0.00189
31.4,-0.02793,-0.006730000000000001,0.0017599999999999998
31.42,-0.04376,-0.00745,0.0016200000000000001
31.44,-0.058390000000000004,-0.00847,0.00145
31.46,-0.0512,-0.009559999999999999,0.00127
31.48,-0.04262,-0.01049,0.00107
31.5,-0.045579999999999996,-0.01138,0.00084
31.52,-0.03484,-0.01218,0.00061
31.54,-0.01613,-0.01268,0.00035000000000000005
31.56,-0.019790000000000002,-0.013040000000000001,8.999999999999999e-05
31.58,-0.014950000000000001,-0.013389999999999999,-0.00017
31.6,0.01298,-0.0134,-0.00043999999999999996
31.62,0.040970000000000006,-0.01286,-0.0007099999999999999
31.64,0.04776,-0.011970000000000001,-0.00096
31.66,0.03924,-0.0111,-0.0011899999999999999
31.68,0.01325,-0.01057,-0.0014099999999999998
31.7,0.00902,-0.01034,-0.0016200000000000001
31.72,0.01978,-0.010049999999999998,-0.00183
31.74,0.05082,-0.009340000000000001,-0.00203
31.76,0.09119999999999999,-0.00792,-0.0022
31.78,0.10911,-0.0059099999999999995,-0.00234
31.8,0.11023999999999999,-0.0037199999999999998,-0.00244
31.82,0.09707,-0.00164,-0.0025
31.84,0.07313,7.000000000000001e-05,-0.00251
31.86,0.042039999999999994,0.00122,-0.0025
31.88,0.04315,0.00208,-0.00247
31.9,0.05023,0.00301,-0.00242
31.92,0.06514,0.00417,-0.0023499999999999997
31.94,0.03913,0.00522,-0.00226
31.96,0.01171,0.00573,-0.00215
31.98,0.0111,0.00596,-0.00203
32.0,0.01533,0.00623,-0.00191
32.02,0.00377,0.00642,-0.00179
32.04,-0.01473,0.00632,-0.00166
32.06,-0.0286,0.005889999999999999,-0.00154
32.08,-0.04089,0.0052,-0.0014299999999999998
32.1,-0.03552,0.00444,-0.00133
32.12,-0.021589999999999998,0.00387,-0.00125
32.14,0.00446,0.0037099999999999998,-0.0011799999999999998
32.16,0.01599,0.00392,-0.0011
32.18,0.00852,0.00417,-0.0010199999999999999
32.2,-0.013380000000000001,0.0041199999999999995,-0.00094
32.22,-0.01253,0.00386,-0.00086
32.24,-0.030019999999999998,0.00344,-0.00079
32.26,-0.04183,0.0027300000000000002,-0.0007199999999999999
32.28,-0.03959,0.00192,-0.00068
32.3,-0.03998,0.00113,-0.00065
32.32,-0.042069999999999996,0.00031,-0.00064
32.34,-0.06122,-0.0007199999999999999,-0.00064
32.36,-0.04425,-0.0017699999999999999,-0.00067
32.38,-0.03665,-0.0025700000000000002,-0.0007099999999999999
32.4,-0.03461,-0.00328,-0.00077
32.42,-0.01534,-0.00378,-0.00084
32.44,-0.011040000000000001,-0.00404,-0.00091
32.46,0.00415,-0.0040999999999999995,-0.001
32.48,0.03246,-0.00373,-0.00108
32.5,0.04202,-0.00298,-0.00114
32.52,0.047869999999999996,-0.00207,-0.0011899999999999999
32.54,0.05055,-0.00109,-0.00123
32.56,0.04813,-8.999999999999999e-05,-0.00124
32.58,0.06441,0.00104,-0.00123
32.6,0.054290000000000005,0.00222,-0.0011899999999999999
32.62,0.01906,0.00296,-0.00114
32.64,0.00781,0.0032400000000000003,-0.00108
32.66,0.034300000000000004,0.00366,-0.00101
32.68,0.02484,0.00426,-0.0009299999999999999
32.7,0.00821,0.00459,-0.00084
32.72,0.02459,0.00493,-0.00074
32.74,0.01375,0.0053100000000000005,-0.00064
32.76,0.00909,0.00555,-0.00053
32.78,0.01008,0.00575,-0.00042
32.8,0.00906,0.00594,-0.0003
32.82,-0.00709,0.00596,-0.00017999999999999998
32.84,-0.01954,0.005699999999999999,-6e-05
32.86,-0.01188,0.005390000000000001,5e-05
32.88,0.00328,0.0053100000000000005,0.00016
32.9,0.00777,0.005430000000000001,0.00027
32.92,-0.01686,0.00534,0.00037999999999999997
32.94,-0.01609,0.00501,0.00048
32.96,0.011930000000000001,0.00498,0.00058
32.98,0.00734,0.005180000000000001,0.0006900000000000001
33.0,-0.00382,0.00521,0.00079
33.02,0.0208,0.005390000000000001,0.0009
33.04,0.040330000000000005,0.006,0.00101
33.06,0.01641,0.00657,0.00114
33.08,0.00653,0.00681,0.00128
33.1,0.00615,0.006939999999999999,0.0014199999999999998
33.12,0.01038,0.00711,0.00156
33.14,-0.00376,0.00718,0.0017000000000000001
33.16,-0.01541,0.00699,0.00185
33.18,0.02856,0.00713,0.00199
33.2,0.013000000000000001,0.00754,0.00214
33.22,-0.05902,0.00709,0.00229
33.24,-0.04182,0.00609,0.00242
33.26,-0.01286,0.005540000000000001,0.00254
33.28,-0.05083,0.00491,0.00264
33.3,-0.04906,0.00392,0.0027400000000000002
33.32,-0.056609999999999994,0.0028599999999999997,0.0028100000000000004
33.34,-0.06773,0.0016200000000000001,0.0028499999999999997
33.36,-0.06466999999999999,0.00031,0.0028699999999999997
33.38,-0.052750000000000005,-0.00086,0.0028699999999999997
33.4,-0.0202,-0.00159,0.0028499999999999997
33.42,-0.0322,-0.00211,0.0028100000000000004
33.44,-0.04533,-0.0028799999999999997,0.0027600000000000003
33.46,-0.040279999999999996,-0.00374,0.0027
33.48,-0.0447,-0.00458,0.00262
33.5,-0.06817999999999999,-0.00571,0.00252
33.52,-0.058070000000000004,-0.00697,0.0023899999999999998
33.54,-0.016390000000000002,-0.00771,0.0022500000000000003
33.56,-0.01107,-0.007980000000000001,0.00209
33.58,-0.01489,-0.00823,0.00193
33.6,-0.01242,-0.0085,0.0017599999999999998
33.62,0.01119,-0.00851,0.0016
33.64,0.00475,-0.00835,0.0014299999999999998
33.66,-0.00886,-0.00839,0.00127
33.68,0.0166,-0.00831,0.0011
33.7,0.03574,-0.0077800000000000005,0.00094
33.72,0.0028199999999999996,-0.00739,0.00079
33.74,-0.04075,-0.00776,0.00064
33.76,-0.01367,-0.00831,0.00049
33.78,0.00782,-0.00836,0.00032
33.8,0.00073,-0.00827,0.00015
33.82,-0.004079999999999999,-0.00831,-1e-05
33.84,-0.001,-0.00835,-0.00017
33.86,0.03222,-0.00804,-0.00034
33.88,0.04891,-0.00722,-0.00049
33.9,0.00298,-0.0067,-0.00062
33.92,-0.0116,-0.0067800000000000004,-0.00075
33.94,0.00964,-0.0068000000000000005,-0.00089
33.96,-7.000000000000001e-05,-0.0067,-0.0010199999999999999
33.98,-0.02762,-0.00697,-0.00115
34.0,-0.01736,-0.0074199999999999995,-0.0013
34.02,-0.00045,-0.0076,-0.00145
34.04,0.017849999999999998,-0.0074199999999999995,-0.0016
34.06,0.03381,-0.0069,-0.0017399999999999998
34.08,0.03844,-0.00618,-0.00187
34.1,0.06266,-0.0051600000000000005,-0.00198
34.12,0.08385,-0.00369,-0.00207
34.14,0.09865,-0.00187,-0.00212
34.16,0.06941,-0.00017999999999999998,-0.00214
34.18,0.01756,0.0006900000000000001,-0.00213
34.2,-0.00903,0.00077,-0.00211
34.22,-0.00479,0.00064,-0.0021
34.24,-0.0068000000000000005,0.00052,-0.00208
34.26,-0.0066,0.00039,-0.00207
34.28,-0.009729999999999999,0.00023,-0.0020599999999999998
34.3,-0.00637,7.000000000000001e-05,-0.0020599999999999998
34.32,0.01562,0.00017,-0.0020599999999999998
34.34,0.01756,0.0005,-0.0020499999999999997
34.36,0.012310000000000001,0.0008,-0.00203
34.38,0.03253,0.00125,-0.00201
34.4,0.04,0.00198,-0.00198
34.42,0.03726,0.0027500000000000003,-0.00193
34.44,0.02613,0.0033900000000000002,-0.00187
34.46,-0.0069099999999999995,0.00358,-0.0018
34.48,-0.02052,0.00331,-0.0017299999999999998
34.5,-0.03392,0.0027700000000000003,-0.00166
34.52,-0.02442,0.00219,-0.00161
34.54,-0.00796,0.0018599999999999999,-0.00157
34.56,0.01035,0.00189,-0.00153
34.58,0.014610000000000001,0.00214,-0.00149
34.6,0.01468,0.00243,-0.00145
34.62,0.00895,0.00267,-0.0013900000000000002
34.64,-0.013380000000000001,0.00263,-0.00134
34.66,-0.014499999999999999,0.0023499999999999997,-0.0012900000000000001
34.68,-0.01204,0.00209,-0.00124
34.7,-0.01706,0.00179,-0.0012
34.72,-0.04386999999999999,0.0011899999999999999,-0.00117
34.74,-0.048470000000000006,0.00026,-0.00116
34.76,-0.040830000000000005,-0.00063,-0.00116
34.78,-0.03746,-0.0014099999999999998,-0.0011799999999999998
34.8,-0.00899,-0.00187,-0.00121
34.82,0.01367,-0.00183,-0.00125
34.84,-0.0023499999999999997,-0.0017100000000000001,-0.0012900000000000001
34.86,0.00254,-0.0017100000000000001,-0.00132
34.88,0.024940000000000004,-0.0014299999999999998,-0.00135
34.9,0.040350000000000004,-0.00078,-0.0013700000000000001
34.92,0.03777,0.0,-0.0013800000000000002
34.94,0.041550000000000004,0.00079,-0.0013700000000000001
34.96,0.02605,0.00147,-0.00135
34.98,0.02299,0.00196,-0.00132
35.0,0.04201,0.00261,-0.00127
35.02,0.03706,0.0034000000000000002,-0.00121
35.04,0.056870000000000004,0.00434,-0.00113
35.06,0.06723,0.005580000000000001,-0.00104
35.08,0.03238,0.00658,-0.00091
35.1,0.0213,0.00712,-0.00078
35.12,0.04194,0.00775,-0.00063
35.14,0.03372,0.0085,-0.00047
35.16,0.00849,0.00893,-0.00029
35.18,-0.011470000000000001,0.0089,-0.00010999999999999999
35.2,0.00452,0.00883,7.000000000000001e-05
35.22,0.01406,0.00901,0.00024
35.24,0.014530000000000001,0.009300000000000001,0.00043
35.26,-0.0017499999999999998,0.00942,0.00061
35.28,-0.01533,0.009250000000000001,0.0008
35.3,-0.00989,0.009000000000000001,0.00098
35.32,-0.040190000000000003,0.0085,0.00116
35.34,-0.06033,0.00749,0.00132
35.36,-0.027839999999999997,0.00661,0.00146
35.38,-0.00936,0.00624,0.00158
35.4,-0.010249999999999999,0.00604,0.0017000000000000001
35.42,-0.02231,0.005719999999999999,0.00182
35.44,-0.06205,0.00487,0.00193
35.46,-0.0499,0.00375,0.00201
35.48,-0.03503,0.0029,0.00208
35.5,-0.03856,0.00216,0.00213
35.52,-0.0161,0.0016200000000000001,0.00216
35.54,-0.02371,0.00122,0.00219
35.56,-0.04077,0.00057,0.00221
35.58,-0.0318,-0.00016,0.00221
35.6,-0.01337,-0.00061,0.0022
35.62,-0.012470000000000002,-0.0008699999999999999,0.00219
35.64,-0.028319999999999998,-0.00128,0.00216
35.66,-0.03919,-0.00196,0.00213
35.68,-0.0398,-0.0027500000000000003,0.00208
35.7,-0.03071,-0.00345,0.00202
35.72,-0.0128,-0.0038900000000000002,0.00194
35.74,0.01014,-0.00392,0.0018599999999999999
35.76,-0.00386,-0.00386,0.00178
35.78,-0.01504,-0.004050000000000001,0.0017000000000000001
35.8,-0.01175,-0.00431,0.0016200000000000001
35.82,-0.013680000000000001,-0.00457,0.00153
35.84,0.01073,-0.0046,0.0014399999999999999
35.86,0.01316,-0.00437,0.00135
35.88,0.01872,-0.004050000000000001,0.00126
35.9,0.040190000000000003,-0.0034599999999999995,0.0011799999999999998
35.92,0.03935,-0.00267,0.0011200000000000001
35.94,0.0405,-0.00187,0.00107
35.96,0.03804,-0.00109,0.00104
35.98,0.041420000000000005,-0.0003,0.0010299999999999999
36.0,0.03242,0.00043999999999999996,0.0010299999999999999
36.02,0.01291,0.00089,0.00104
36.04,0.00573,0.00108,0.00106
36.06,-0.012350000000000002,0.00101,0.00108
36.08,-0.01476,0.00074,0.0011
36.1,-0.013309999999999999,0.00045,0.00111
36.12,-0.014419999999999999,0.00017,0.00111
36.14,-0.00312,-1e-05,0.00111
36.16,0.0182,0.00014000000000000001,0.00111
36.18,-0.0028399999999999996,0.00029,0.00111
36.2,-0.006750000000000001,0.0002,0.0011200000000000001
36.22,0.01376,0.00026,0.0011200000000000001
36.24,-0.00993,0.0003,0.00113
36.26,-0.01467,5e-05,0.00113
36.28,0.00933,-1e-05,0.00113
36.3,0.0017000000000000001,0.0001,0.00113
36.32,-0.02077,-8.999999999999999e-05,0.00113
36.34,-0.00623,-0.00035999999999999997,0.0011200000000000001
36.36,-0.00445,-0.00047,0.00111
36.38,-0.01544,-0.00068,0.0011
36.4,0.0013,-0.00082,0.00108
36.42,-0.00783,-0.00089,0.00106
36.44,-0.01788,-0.00115,0.00104
36.46,-0.011160000000000002,-0.0014399999999999999,0.00101
36.48,-0.01518,-0.0017100000000000001,0.00098
36.5,0.00147,-0.00185,0.00094
36.52,0.01722,-0.00167,0.0009
36.54,0.01114,-0.0013900000000000002,0.0008699999999999999
36.56,0.025150000000000002,-0.0010299999999999999,0.0008500000000000001
36.58,0.040940000000000004,-0.00037,0.00083
36.6,0.008960000000000001,0.00013,0.00083
36.62,-0.0144,7.000000000000001e-05,0.00083
36.64,-0.009689999999999999,-0.00017999999999999998,0.00083
36.66,-0.01984,-0.00048,0.00082
36.68,-0.03883,-0.00107,0.0008
36.7,-0.03904,-0.00185,0.00077
36.72,-0.0246,-0.0025,0.00073
36.74,-0.00319,-0.0027800000000000004,0.00067
36.76,0.013540000000000002,-0.00268,0.00062
36.78,0.01361,-0.00241,0.0005600000000000001
36.8,0.013300000000000001,-0.00214,0.00052
36.82,0.01343,-0.00188,0.00048
36.84,-0.00916,-0.00184,0.00043999999999999996
36.86,-0.0127,-0.00207,0.0004
36.88,-0.013640000000000001,-0.00234,0.00035000000000000005
36.9,-0.01517,-0.00263,0.0003
36.92,-0.01426,-0.00293,0.00024
36.94,-0.01061,-0.00319,0.00017999999999999998
36.96,-0.013919999999999998,-0.00344,0.00010999999999999999
36.98,0.00199,-0.00356,4e-05
37.0,0.00297,-0.0035199999999999997,-3e-05
37.02,-0.00968,-0.00359,-0.0001
37.04,0.00428,-0.00365,-0.00017999999999999998
37.06,-0.011859999999999999,-0.00373,-0.00025
37.08,-0.03381,-0.0042,-0.00033
37.1,-0.04057,-0.0049499999999999995,-0.00042
37.12,-0.01984,-0.005560000000000001,-0.00053
37.14,-0.03207,-0.0060799999999999995,-0.00065
37.16,-0.030529999999999998,-0.00672,-0.00078
37.18,-0.006919999999999999,-0.0070999999999999995,-0.00092
37.2,-0.01224,-0.00729,-0.00106
37.22,-0.007169999999999999,-0.00749,-0.00121
37.24,0.009130000000000001,-0.00748,-0.00136
37.26,0.016040000000000002,-0.00724,-0.00151
37.28,0.01184,-0.006959999999999999,-0.00166
37.3,0.017159999999999998,-0.00668,-0.00179
37.32,0.03648,-0.00615,-0.00192
37.34,0.04027,-0.005390000000000001,-0.0020399999999999997
37.36,0.0371,-0.0046300000000000004,-0.00214
37.38,0.03938,-0.00387,-0.00223
37.4,0.054400000000000004,-0.00293,-0.0023
37.42,0.07028,-0.00169,-0.0023499999999999997
37.44,0.05349,-0.00047,-0.0023699999999999997
37.46,0.039209999999999995,0.00045,-0.0023699999999999997
37.48,0.035179999999999996,0.0011899999999999999,-0.0023499999999999997
37.5,0.0155,0.00169,-0.00233
37.52,0.00482,0.00188,-0.00229
37.54,-0.006730000000000001,0.00185,-0.00226
37.56,-0.01627,0.0016200000000000001,-0.00222
37.58,-0.013260000000000001,0.00131,-0.0022
37.6,-0.013000000000000001,0.00105,-0.00217
37.62,-0.00156,0.00089,-0.00215
37.64,0.0066500000000000005,0.00094,-0.00214
37.66,0.01841,0.0011799999999999998,-0.00212
37.68,0.02428,0.00159,-0.00209
37.7,0.00454,0.00187,-0.0020599999999999998
37.72,0.00482,0.00196,-0.00202
37.74,0.0032700000000000003,0.00203,-0.00198
37.76,0.00316,0.00208,-0.00194
37.78,0.00233,0.00213,-0.0019
37.8,0.0028199999999999996,0.00218,-0.0018599999999999999
37.82,0.00219,0.00222,-0.00182
37.84,0.005350000000000001,0.00229,-0.00178
37.86,0.02851,0.00262,-0.0017299999999999998
37.88,0.01602,0.0030499999999999998,-0.00167
37.9,0.0001,0.0032,-0.00161
37.92,0.00241,0.00322,-0.00155
37.94,-0.010009999999999998,0.00313,-0.00149
37.96,0.0035499999999999998,0.00306,-0.0014299999999999998
37.98,-0.008020000000000001,0.003,-0.0013700000000000001
38.0,-0.014910000000000001,0.0027700000000000003,-0.00131
38.02,-0.00055,0.00261,-0.00126
38.04,-0.01661,0.00243,-0.00121
38.06,-0.0028199999999999996,0.00222,-0.00117
38.08,0.00057,0.00219,-0.0011200000000000001
38.1,-0.0007199999999999999,0.00218,-0.00108
38.12,-0.00097,0.00215,-0.00104
38.14,-0.0007000000000000001,0.00213,-0.001
38.16,-0.00316,0.00208,-0.00096
38.18,-0.02666,0.0017699999999999999,-0.00092
38.2,-0.02871,0.00122,-0.00089
38.22,-0.01268,0.00079,-0.0008699999999999999
38.24,0.00772,0.00074,-0.00086
38.26,0.023700000000000002,0.00104,-0.0008500000000000001
38.28,0.021720000000000003,0.00148,-0.00082
38.3,0.022879999999999998,0.00192,-0.00079
38.32,0.01146,0.00226,-0.00075
38.34,-0.00916,0.00227,-0.0007099999999999999
38.36,-0.0032,0.00214,-0.00067
38.38,-0.01008,0.00199,-0.00063
38.4,-0.0026,0.00187,-0.0005899999999999999
38.42,-0.01724,0.00166,-0.00055
38.44,-0.02465,0.00123,-0.00053
38.46,-0.01611,0.00082,-0.0005099999999999999
38.48,0.00783,0.0007199999999999999,-0.00049
38.5,-0.051399999999999994,0.00028000000000000003,-0.00049
38.52,-0.073,-0.00097,-0.00049
38.54,0.08073000000000001,-0.0009,-0.00052
38.56,0.05979,0.00049,-0.00052
38.58,-0.00984,0.00098,-0.0005099999999999999
38.6,0.036019999999999996,0.00124,-0.00049
38.62,0.015189999999999999,0.0017499999999999998,-0.00046
38.64,-0.009519999999999999,0.0018,-0.00042
38.66,0.03019,0.002,-0.00039
38.68,0.016890000000000002,0.00246,-0.00035000000000000005
38.7,0.02161,0.0028399999999999996,-0.0003
38.72,0.045759999999999995,0.0034999999999999996,-0.00023
38.74,0.02532,0.00421,-0.00016
38.76,0.01482,0.0046,-7.000000000000001e-05
38.78,0.01704,0.00491,2e-05
38.8,0.01565,0.00524,0.00012
38.82,0.034780000000000005,0.0057399999999999994,0.00023
38.84,0.06785999999999999,0.00676,0.00035000000000000005
38.86,0.042,0.007850000000000001,0.0005
38.88,0.0102,0.00836,0.00066
38.9,0.01866,0.00865,0.00083
38.92,0.01387,0.00897,0.001
38.94,-0.0031,0.00907,0.0011799999999999998
38.96,-0.01936,0.00884,0.00136
38.98,-0.03487,0.008289999999999999,0.00153
39.0,-0.03681,0.00757,0.00169
39.02,-0.03524,0.006840000000000001,0.00183
39.04,-0.03592,0.00613,0.00196
39.06,-0.03522,0.005410000000000001,0.00207
39.08,-0.036989999999999995,0.00468,0.00217
39.1,-0.0359,0.00395,0.00226
39.12,-0.03685,0.00322,0.00233
39.14,-0.03594,0.00249,0.0023799999999999997
39.16,-0.037309999999999996,0.0017499999999999998,0.00242
39.18,-0.057569999999999996,0.00079,0.00245
39.2,-0.06889,-0.00047,0.00245
39.22,-0.09038,-0.00207,0.00243
39.24,-0.07503,-0.00373,0.0023699999999999997
39.26,-0.04237,-0.0049,0.00228
39.28,-0.034769999999999995,-0.005679999999999999,0.00217
39.3,-0.03831,-0.00641,0.0020499999999999997
39.32,-0.028079999999999997,-0.0070799999999999995,0.00191
39.34,-0.00859,-0.00745,0.0017599999999999998
39.36,-0.01027,-0.00764,0.00161
39.38,-0.00988,-0.007850000000000001,0.00146
39.4,-0.00751,-0.008020000000000001,0.0013
39.42,0.01455,-0.00796,0.00114
39.44,0.01742,-0.00764,0.00098
39.46,0.01575,-0.00731,0.00083
39.48,0.01686,-0.006979999999999999,0.0006900000000000001
39.5,0.01776,-0.00664,0.00055
39.52,0.044969999999999996,-0.00602,0.00042
39.54,0.046799999999999994,-0.0051,0.00031
39.56,0.042969999999999994,-0.00421,0.00021999999999999998
39.58,0.032189999999999996,-0.0034599999999999995,0.00014000000000000001
39.6,0.01665,-0.00297,7.000000000000001e-05
39.62,0.014910000000000001,-0.00266,2e-05
39.64,0.017490000000000002,-0.00233,-3e-05
39.66,0.00904,-0.00207,-8e-05
39.68,0.01712,-0.00181,-0.00012
39.7,0.03959,-0.00124,-0.00015
39.72,0.01813,-0.00067,-0.00016
39.74,-0.00503,-0.00054,-0.00017999999999999998
39.76,-0.01656,-0.00075,-0.00018999999999999998
39.78,-0.010549999999999999,-0.0010299999999999999,-0.00021
39.8,-0.013300000000000001,-0.00127,-0.00023
39.82,-0.0035099999999999997,-0.0014399999999999999,-0.00026
39.84,0.00623,-0.0014099999999999998,-0.00029
39.86,0.00502,-0.0013,-0.00031
39.88,0.014150000000000001,-0.00111,-0.00034
39.9,0.011659999999999998,-0.0008500000000000001,-0.00035999999999999997
39.92,0.011859999999999999,-0.00062,-0.00037
39.94,0.02801,-0.00021999999999999998,-0.00037999999999999997
39.96,0.0408,0.00047,-0.00037999999999999997
39.98,0.02007,0.00108,-0.00035999999999999997
