Time_s,Acceleration_m_per_s2,Velocity_m_per_s,Displacement_m
0,0.00838,-0.0423,-0.000846
0.02,0.00582,-0.04212,-0.0016884
0.04,0.03491,-0.04167,-0.0025218
0.06,0.05228,-0.04075,-0.0033368
0.08,0.05177,-0.03967,-0.0041302
0.1,0.06143,-0.03849,-0.0049
0.12,0.0632,-0.03721,-0.0056442
0.14,0.07826,-0.03575,-0.0063592
0.16,0.09695,-0.03395,-0.0070382
0.18,0.06993,-0.03224,-0.007683
0.2,-0.00106,-0.03155,-0.008314
0.22,-0.0048,-0.03149,-0.0089438
0.24,-0.00626,-0.03148,-0.0095734
0.26,-0.03923,-0.03181,-0.0102096
0.28,-0.08051,-0.03289,-0.0108674
0.3,-0.15403,-0.03512,-0.0115698
0.32,-0.13749,-0.03792,-0.0123282
0.34,-0.02603,-0.03943,-0.0131168
0.36,0.07085,-0.03886,-0.013894
0.38,0.08058,-0.03723,-0.0146386
0.4,0.0438,-0.03598,-0.0153582
0.42,0.12723,-0.03408,-0.0160398
0.44,0.23021,-0.03031,-0.016646
0.46,0.14128,-0.0264,-0.017174
0.48,0.02849,-0.02451,-0.0176642
0.5,-0.0685,-0.02471,-0.0181584
0.52,-0.13039,-0.02651,-0.0186886
0.54,-0.15072,-0.02913,-0.0192712
0.56,-0.20673,-0.03251,-0.0199214
0.58,-0.30546,-0.03743,-0.02067
0.6,-0.36521,-0.04414,-0.0215528
0.62,-0.32738,-0.0508,-0.0225688
0.64,-0.24378,-0.05624,-0.0236936
0.66,-0.03604,-0.05878,-0.0248692
0.68,0.10146,-0.05786,-0.0260264
0.7,0.3176,-0.05341,-0.0270946
0.72,0.53992,-0.04457,-0.027986
0.74,0.64805,-0.03242,-0.0286344
0.76,0.68319,-0.01885,-0.0290114
0.78,0.57101,-0.00604,-0.0291322
0.8,0.41371,0.00381,-0.029056
0.82,0.14063,0.00968,-0.0288624
0.84,-0.21026,0.00932,-0.028676
0.86,-0.39391,0.0036,-0.028604
0.88,-0.59664,-0.00598,-0.0287236
0.9,-0.64466,-0.01806,-0.0290848
0.92,-0.49143,-0.02909,-0.0296666
0.94,-0.51573,-0.03884,-0.0304434
0.96,-0.37577,-0.04742,-0.0313918
0.98,-0.14802,-0.05234,-0.0324386
1,0.37613,-0.05005,-0.0334396
1.02,0.78314,-0.03807,-0.034201
1.04,0.81649,-0.02169,-0.0346348
1.06,0.70048,-0.00614,-0.0347576
1.08,0.60619,0.00731,-0.0346114
1.1,0.61991,0.01996,-0.0342122
1.12,0.63126,0.03285,-0.0335552
1.14,0.45993,0.04415,-0.0326722
1.16,-0.03522,0.04878,-0.0316966
1.18,-0.47282,0.04408,-0.030815
1.2,-1.15764,0.02778,-0.0302594
1.22,-1.49829,0.00165,-0.0302264
1.24,-1.27413,-0.02564,-0.0307392
1.26,-0.76043,-0.04556,-0.0316504
1.28,-0.05869,-0.05332,-0.0327168
1.3,0.60568,-0.04742,-0.0336652
1.32,0.81294,-0.03281,-0.0343214
1.34,0.89053,-0.01534,-0.0346282
1.36,0.75843,0.00157,-0.0345968
1.38,0.58469,0.01544,-0.034288
1.4,0.5718,0.02701,-0.0337478
1.42,0.68357,0.04002,-0.0329474
1.44,0.52038,0.05252,-0.031897
1.46,0.42501,0.06244,-0.0306482
1.48,0.42094,0.07136,-0.029221
1.5,-0.36187,0.07241,-0.0277728
1.52,-0.52718,0.06398,-0.0264932
1.54,-0.70329,0.05214,-0.0254504
1.56,-0.80656,0.0375,-0.0247004
1.58,-0.44556,0.02545,-0.0241914
1.6,-0.11922,0.0198,-0.0237954
1.62,0.00308,0.01912,-0.023413
1.64,0.29095,0.02254,-0.0229622
1.66,0.71504,0.03309,-0.0223004
1.68,0.83773,0.0491,-0.0213184
1.7,1.04449,0.0684,-0.0199504
1.72,0.87526,0.08808,-0.0181888
1.74,0.06602,0.09798,-0.0162292
1.76,-0.48121,0.09431,-0.014343
1.78,-0.82548,0.08172,-0.0127086
1.8,-0.81558,0.06532,-0.0114022
1.82,-0.34416,0.05421,-0.010318
1.84,0.14422,0.0527,-0.009264
1.86,0.31652,0.0578,-0.008108
1.88,0.43767,0.06583,-0.0067914
1.9,0.58565,0.07656,-0.0052602
1.92,0.17873,0.08469,-0.0035664
1.94,-0.04194,0.08655,-0.0018354
1.96,0.02159,0.08684,-9.86E-05
1.98,-0.02879,0.08726,0.0016466
2,-0.2506,0.08447,0.003336
2.02,-0.49954,0.07746,0.0048852
2.04,-0.7415,0.06553,0.0061958
2.06,-0.61386,0.05247,0.0072452
2.08,-0.17279,0.04509,0.008147
2.1,0.00504,0.0439,0.009025
2.12,0.00402,0.04448,0.0099146
2.14,-0.00796,0.04493,0.0108132
2.16,-0.07977,0.04454,0.011704
2.18,0.24378,0.04667,0.0126374
2.2,0.87713,0.05788,0.013795
2.22,1.5213,0.08234,0.0154418
2.24,1.56131,0.11365,0.0177148
2.26,0.77853,0.13752,0.0204652
2.28,-0.22323,0.14355,0.0233362
2.3,-0.61362,0.13566,0.0260494
2.32,-0.53443,0.12465,0.0285424
2.34,-0.34853,0.1163,0.0308684
2.36,-0.26174,0.11067,0.0330818
2.38,-0.3298,0.10523,0.0351864
2.4,-0.12207,0.10072,0.0372008
2.42,0.14535,0.1014,0.0392288
2.44,0.70972,0.11041,0.041437
2.46,1.14694,0.12943,0.0440256
2.48,0.99069,0.15125,0.0470506
2.5,0.50377,0.16665,0.0503836
2.52,0.21454,0.17429,0.0538694
2.54,-0.10807,0.17581,0.0573856
2.56,-0.21615,0.17302,0.060846
2.58,-0.22829,0.16903,0.0642266
2.6,-0.30198,0.16373,0.0675012
2.62,-0.37079,0.15742,0.0706496
2.64,-0.64167,0.14771,0.0736038
2.66,-0.7707,0.13401,0.076284
2.68,-0.67643,0.11996,0.0786832
2.7,-0.45954,0.10902,0.0808636
2.72,-0.14588,0.10339,0.0829314
2.74,0.13771,0.10373,0.085006
2.76,0.58798,0.1114,0.087234
2.78,0.63858,0.12409,0.0897158
2.8,0.39352,0.13441,0.092404
2.82,0.46364,0.14337,0.0952714
2.84,0.67319,0.15512,0.0983738
2.86,0.49391,0.16717,0.1017172
2.88,-0.13451,0.17114,0.10514
2.9,-0.47626,0.16541,0.1084482
2.92,-0.72822,0.15375,0.1115232
2.94,-0.44334,0.14241,0.1143714
2.96,0.1777,0.14014,0.1171742
2.98,0.53414,0.14763,0.1201268
3,0.53322,0.15831,0.123293
3.02,0.4739,0.16872,0.1266674
3.04,0.36193,0.1774,0.1302154
3.06,0.4266,0.18562,0.1339278
3.08,0.52866,0.1955,0.1378378
3.1,0.49854,0.20611,0.14196
3.12,0.72256,0.21865,0.146333
3.14,0.59633,0.23217,0.1509764
3.16,0.41517,0.24261,0.1558286
3.18,-0.11395,0.24596,0.1607478
3.2,-0.96109,0.23521,0.165452
3.22,-1.19795,0.21389,0.1697298
3.24,-0.80017,0.19419,0.1736136
3.26,-0.49634,0.1815,0.1772436
3.28,-0.69441,0.16986,0.1806408
3.3,-1.16467,0.15155,0.1836718
3.32,-1.69239,0.12325,0.1861368
3.34,-1.99293,0.08667,0.1878702
3.36,-2.12044,0.04581,0.1887864
3.38,-2.33634,0.00152,0.1888168
3.4,-3.07117,-0.05255,0.1877658
3.42,-3.76523,-0.1207,0.1853518
3.44,-4.37126,-0.20185,0.1813148
3.46,-4.66688,-0.29202,0.1754744
3.48,-4.89701,-0.38745,0.1677254
3.5,-5.12984,-0.48751,0.1579752
3.52,-5.33441,-0.59194,0.1461364
3.54,-5.36772,-0.69874,0.1321616
3.56,-5.11522,-0.80336,0.1160944
3.58,-4.83792,-0.90268,0.0980408
3.6,-4.39335,-0.99499,0.078141
3.62,-3.97054,-1.07848,0.0565714
3.64,-3.67912,-1.15483,0.0334748
3.66,-3.32608,-1.22473,0.0089802
3.68,-2.63026,-1.28415,-0.0167028
3.7,-2.08653,-1.33117,-0.0433262
3.72,0.50404,-1.34685,-0.0702632
3.74,3.65105,-1.30515,-0.0963662
3.76,7.04525,-1.19804,-0.120327
3.78,8.96861,-1.03775,-0.141082
3.8,9.81544,-0.84991,-0.1580802
3.82,10.07889,-0.65088,-0.1710978
3.84,9.32895,-0.45672,-0.1802322
3.86,8.71785,-0.27617,-0.1857556
3.88,7.96739,-0.10923,-0.1879402
3.9,4.61974,0.01672,-0.1876058
3.92,0.59882,0.06899,-0.186226
3.94,-3.37235,0.04134,-0.1853992
3.96,-8.54656,-0.07777,-0.1869546
3.98,-10.79461,-0.2711,-0.1923766
4,-11.52613,-0.4943,-0.2022626
4.02,-8.51739,-0.69472,-0.216157
4.04,-6.26245,-0.8425,-0.233007
4.06,-3.74125,-0.94252,-0.2518574
4.08,-0.28824,-0.9828,-0.2715134
4.1,1.78182,-0.96784,-0.2908702
4.12,4.62688,-0.90374,-0.308945
4.14,9.25162,-0.76494,-0.3242438
4.16,12.38124,-0.54859,-0.3352156
4.18,14.27924,-0.28197,-0.340855
4.2,14.69294,0.00776,-0.3406998
4.22,12.64002,0.28105,-0.3350788
4.24,10.21298,0.50953,-0.3248882
4.26,8.65857,0.69821,-0.310924
4.28,7.30167,0.85777,-0.2937686
4.3,6.36584,0.9944,-0.2738806
4.32,3.7441,1.09546,-0.2519714
4.34,0.59875,1.13884,-0.2291946
4.36,-3.22644,1.11252,-0.2069442
4.38,-9.72032,0.98301,-0.187284
4.4,-13.08538,0.75496,-0.1721848
4.42,-13.90761,0.48493,-0.1624862
4.44,-11.25817,0.23318,-0.1578226
4.46,-7.35472,0.04695,-0.1568836
4.48,-3.46992,-0.06139,-0.1581114
4.5,0.23063,-0.09388,-0.159989
4.52,1.22975,-0.07938,-0.1615766
4.54,3.49084,-0.03227,-0.162222
4.56,7.84977,0.08104,-0.1606012
4.58,10.22063,0.26165,-0.1553682
4.6,11.86853,0.48254,-0.1457174
4.62,10.34182,0.7045,-0.1316274
4.64,5.34313,0.86121,-0.1144032
4.66,0.13341,0.91583,-0.0960866
4.68,-2.53432,0.89168,-0.078253
4.7,-3.59073,0.83028,-0.0616474
4.72,-3.77523,0.75648,-0.0465178
4.74,-2.69469,0.69164,-0.032685
4.76,-2.48956,0.63965,-0.019892
4.78,-3.73721,0.57724,-0.0083472
4.8,-5.51401,0.48473,0.0013474
4.82,-6.10435,0.36837,0.0087148
4.84,-5.15467,0.25559,0.0138266
4.86,-2.48449,0.17902,0.017407
4.88,-0.62133,0.14778,0.0203626
4.9,0.25851,0.14398,0.0232422
4.92,0.46265,0.15101,0.0262624
4.94,0.17641,0.15722,0.0294068
4.96,0.70686,0.16587,0.0327242
4.98,1.12495,0.184,0.0364042
5,2.02638,0.21552,0.0407146
5.02,2.50879,0.26067,0.045928
5.04,1.91543,0.3047,0.052022
5.06,1.34076,0.33706,0.0587632
5.08,0.58154,0.35607,0.0658846
5.1,-0.18321,0.35985,0.0730816
5.12,-0.66704,0.35114,0.0801044
5.14,-1.17088,0.33255,0.0867554
5.16,-2.15077,0.29913,0.092738
5.18,-2.75133,0.2499,0.097736
5.2,-3.20158,0.19037,0.1015434
5.22,-3.80928,0.12004,0.1039442
5.24,-3.58098,0.04592,0.1048626
5.26,-2.76177,-0.01773,0.104508
5.28,-1.7633,-0.0632,0.103244
5.3,-1.03621,-0.09142,0.1014156
5.32,-0.79437,-0.10995,0.0992166
5.34,-0.38932,-0.12201,0.0967764
5.36,0.79939,-0.11813,0.0944138
5.38,2.47557,-0.08561,0.0927016
5.4,4.28495,-0.01799,0.0923418
5.42,5.30386,0.07767,0.0938952
5.44,5.19426,0.18242,0.0975436
5.46,4.70958,0.28124,0.1031684
5.48,3.65209,0.36463,0.110461
5.5,2.04254,0.42135,0.118888
5.52,0.44923,0.44604,0.1278088
5.54,-0.92727,0.44103,0.1366294
5.56,-3.60553,0.39548,0.144539
5.58,-6.02153,0.29898,0.1505186
5.6,-7.15087,0.16726,0.1538638
5.62,-7.26786,0.02286,0.154321
5.64,-6.76878,-0.11773,0.1519664
5.66,-5.74174,-0.24305,0.1471054
5.68,-4.17823,-0.34247,0.140256
5.7,-2.85136,-0.41299,0.1319962
5.72,-1.43946,-0.45611,0.122874
5.74,0.00236,-0.4707,0.11346
5.76,1.02137,-0.46069,0.1042462
5.78,1.90405,-0.43165,0.0956132
5.8,3.05675,-0.38204,0.0879724
5.82,4.96258,-0.30205,0.0819314
5.84,6.96194,-0.18301,0.0782712
5.86,7.4689,-0.0389,0.0774932
5.88,6.58696,0.10145,0.0795222
5.9,4.17266,0.20885,0.0836992
5.92,1.49933,0.26536,0.0890064
5.94,-0.33953,0.27676,0.0945416
5.96,-1.53786,0.25778,0.0996972
5.98,-2.39505,0.21825,0.1040622
6,-3.37408,0.16056,0.1072734
6.02,-4.41808,0.08245,0.1089224
6.04,-5.96027,-0.02151,0.1084922
6.06,-6.38411,-0.14514,0.1055894
6.08,-5.17663,-0.26093,0.1003708
6.1,-3.63007,-0.34918,0.0933872
6.12,-1.94671,-0.40514,0.0852844
6.14,-0.46283,-0.42942,0.076696
6.16,0.41612,-0.43007,0.0680946
6.18,0.24244,-0.42367,0.0596212
6.2,-0.18233,-0.42306,0.05116
6.22,-0.10975,-0.42614,0.0426372
6.24,1.02905,-0.41711,0.034295
6.26,2.6916,-0.38007,0.0266936
6.28,3.97447,-0.31358,0.020422
6.3,4.58503,-0.22815,0.015859
6.32,4.44678,-0.13799,0.0130992
6.34,3.33251,-0.06036,0.011892
6.36,1.84872,-0.00871,0.0117178
6.38,0.38586,0.01347,0.0119872
6.4,-0.57802,0.01155,0.0122182
6.42,-0.9858,-0.00423,0.0121336
6.44,-1.1718,-0.02595,0.0116146
6.46,-1.32365,-0.05105,0.0105936
6.48,-1.85872,-0.08302,0.0089332
6.5,-2.24957,-0.12425,0.0064482
6.52,-2.20568,-0.16894,0.0030694
6.54,-2.05173,-0.21166,-0.0011638
6.56,-1.51813,-0.2475,-0.0061138
6.58,-0.98812,-0.27271,-0.011568
6.6,-0.43105,-0.2869,-0.017306
6.62,-0.0483,-0.29182,-0.0231424
6.64,-0.15537,-0.29398,-0.029022
6.66,-0.40165,-0.29967,-0.0350154
6.68,-0.71239,-0.31094,-0.0412342
6.7,-0.69875,-0.32518,-0.0477378
6.72,-0.72889,-0.33958,-0.0545294
6.74,-0.68677,-0.35386,-0.0616066
6.76,-0.35486,-0.3644,-0.0688946
6.78,0.4876,-0.36319,-0.0761584
6.8,1.8024,-0.34029,-0.0829642
6.82,2.72124,-0.29516,-0.0888674
6.84,2.69863,-0.24106,-0.0936886
6.86,2.10217,-0.19315,-0.0975516
6.88,1.27703,-0.15946,-0.1007408
6.9,0.82529,-0.13854,-0.1035116
6.92,0.87511,-0.12164,-0.1059444
6.94,0.9508,-0.10348,-0.108014
6.96,0.52714,-0.0888,-0.10979
6.98,-0.74644,-0.09109,-0.1116118
7,-1.73531,-0.11591,-0.11393
7.02,-1.92105,-0.15255,-0.116981
7.04,-1.47565,-0.18659,-0.1207128
7.06,-0.59452,-0.20737,-0.1248602
7.08,0.65497,-0.20684,-0.128997
7.1,2.17908,-0.17857,-0.1325684
7.12,2.88016,-0.12806,-0.1351296
7.14,2.9967,-0.06936,-0.1365168
7.16,2.82307,-0.01124,-0.1367416
7.18,2.22406,0.03916,-0.1359584
7.2,2.00856,0.08149,-0.1343286
7.22,1.97506,0.12128,-0.131903
7.24,1.9114,0.16009,-0.1287012
7.26,2.16328,0.20079,-0.1246854
7.28,2.43106,0.24669,-0.1197516
7.3,2.511,0.29606,-0.1138304
7.32,2.20371,0.34316,-0.1069672
7.34,1.55863,0.38074,-0.0993524
7.36,1.0852,0.40713,-0.0912098
7.38,0.71235,0.42506,-0.0827086
7.4,0.70479,0.43923,-0.073924
7.42,0.8544,0.45481,-0.0648278
7.44,0.74353,0.47077,-0.0554124
7.46,0.02832,0.47847,-0.045843
7.48,-0.68377,0.47189,-0.0364052
7.5,-1.2015,0.45302,-0.0273448
7.52,-2.35659,0.41742,-0.0189964
7.54,-3.28395,0.361,-0.0117764
7.56,-3.80776,0.29006,-0.0059752
7.58,-4.1311,0.21065,-0.0017622
7.6,-3.81606,0.13119,0.0008616
7.62,-3.70706,0.05596,0.0019808
7.64,-3.68947,-0.01799,0.001621
7.66,-3.14177,-0.08629,-0.0001048
7.68,-2.24733,-0.14017,-0.0029082
7.7,-1.15299,-0.17417,-0.0063916
7.72,-0.24672,-0.18816,-0.0101548
7.74,0.87684,-0.18185,-0.0137918
7.76,2.59138,-0.14715,-0.0167348
7.78,4.59621,-0.07527,-0.0182402
7.8,6.75241,0.03822,-0.0174758
7.82,8.41898,0.18997,-0.0136764
7.84,8.51559,0.35935,-0.0064894
7.86,6.6234,0.51078,0.0037262
7.88,4.04373,0.61749,0.016076
7.9,0.98277,0.66779,0.0294318
7.92,-1.56915,0.66196,0.042671
7.94,-2.90483,0.61725,0.055016
7.96,-3.38863,0.55436,0.0661032
7.98,-3.15328,0.48897,0.0758826
8,-3.56128,0.42183,0.0843192
8.02,-4.84782,0.3378,0.0910752
8.04,-6.04325,0.22895,0.0956542
8.06,-6.33633,0.10521,0.0977584
8.08,-5.65947,-0.01468,0.0974648
8.1,-3.94534,-0.11067,0.0952514
8.12,-2.0925,-0.17099,0.0918316
8.14,-0.62469,-0.1981,0.0878696
8.16,0.09957,-0.20329,0.0838038
8.18,0.33652,-0.19887,0.0798264
8.2,0.05364,-0.19497,0.075927
8.22,-0.15141,-0.19586,0.0720098
8.24,0.32134,-0.19408,0.0681282
8.26,0.63386,-0.18445,0.0644392
8.28,1.28041,-0.16522,0.0611348
8.3,1.95622,-0.13278,0.0584792
8.32,1.87936,-0.09434,0.0565924
8.34,1.22306,-0.06324,0.0553276
8.36,0.64047,-0.04452,0.0544372
8.38,0.30828,-0.03495,0.0537382
8.4,-0.05155,-0.03238,0.0530906
8.42,-0.43682,-0.03716,0.0523474
8.44,-0.44728,-0.04591,0.0514292
8.46,-0.44504,-0.05473,0.0503346
8.48,-0.5646,-0.06473,0.04904
8.5,-0.95662,-0.07984,0.0474432
8.52,-1.32731,-0.10259,0.0453914
8.54,-1.37749,-0.12954,0.0428006
8.56,-1.26353,-0.15585,0.0396836
8.58,-0.99595,-0.17834,0.0361168
8.6,-0.877,-0.19707,0.0321754
8.62,-0.83694,-0.2141,0.0278934
8.64,-0.81252,-0.23048,0.0232838
8.66,-0.76871,-0.24618,0.0183602
8.68,-0.62287,-0.25999,0.0131604
8.7,-0.40096,-0.27011,0.0077582
8.72,0.03867,-0.27363,0.0022856
8.74,0.36938,-0.26943,-0.003103
8.76,0.43919,-0.26124,-0.0083278
8.78,0.5028,-0.25171,-0.013362
8.8,0.61523,-0.24052,-0.0181724
8.82,0.97473,-0.2245,-0.0226624
8.84,1.53577,-0.19928,-0.026648
8.86,2.16786,-0.16212,-0.0298904
8.88,2.76269,-0.1127,-0.0321444
8.9,2.91841,-0.05577,-0.0332598
8.92,2.87702,0.00231,-0.0332136
8.94,2.54418,0.05664,-0.0320808
8.96,2.086,0.10306,-0.0300196
8.98,1.73794,0.14142,-0.0271912
9,1.47624,0.17357,-0.0237198
9.02,1.21634,0.20062,-0.0197074
9.04,0.7998,0.2209,-0.0152894
9.06,0.19938,0.23102,-0.010669
9.08,-0.52446,0.22789,-0.0061112
9.1,-1.05624,0.21221,-0.001867
9.12,-1.67126,0.18506,0.0018342
9.14,-2.22407,0.14623,0.0047588
9.16,-2.67096,0.0974,0.0067068
9.18,-2.87191,0.04209,0.0075486
9.2,-2.76458,-0.01427,0.0072632
9.22,-2.43553,-0.06614,0.0059404
9.24,-1.78187,-0.10819,0.0037766
9.26,-0.87604,-0.13465,0.0010836
9.28,-0.0608,-0.14389,-0.0017942
9.3,0.37856,-0.14059,-0.004606
9.32,0.81542,-0.12853,-0.0071766
9.34,1.15697,-0.10868,-0.0093502
9.36,1.60102,-0.08098,-0.0109698
9.38,1.94468,-0.0454,-0.0118778
9.4,1.90727,-0.00688,-0.0120154
9.42,1.71387,0.02945,-0.0114264
9.44,1.28782,0.05959,-0.0102346
9.46,0.82093,0.0808,-0.0086186
9.48,0.49018,0.09403,-0.006738
9.5,0.32934,0.10234,-0.0046912
9.52,0.18683,0.10762,-0.0025388
9.54,0.09343,0.11054,-0.000328
9.56,-0.28344,0.10876,0.0018472
9.58,-0.87821,0.09726,0.0037924
9.6,-1.41533,0.07433,0.005279
9.62,-1.65435,0.04374,0.0061538
9.64,-1.36887,0.01362,0.0064262
9.66,-0.79803,-0.00794,0.0062674
9.68,-0.18266,-0.01763,0.0059148
9.7,0.42183,-0.01513,0.0056122
9.72,1.2895,0.00209,0.005654
9.74,2.15141,0.03661,0.0063862
9.76,2.62968,0.08453,0.0080768
9.78,2.81453,0.13908,0.0108584
9.8,2.5231,0.19246,0.0147076
9.82,1.79086,0.2357,0.0194216
9.84,1.04512,0.26416,0.0247048
9.86,0.36289,0.27834,0.0302716
9.88,-0.25755,0.27949,0.0358614
9.9,-0.80173,0.269,0.0412414
9.92,-1.24432,0.24864,0.0462142
9.94,-2.26315,0.21366,0.0504874
9.96,-3.15127,0.15962,0.0536798
9.98,-3.94,0.0888,0.0554558
10,-4.06813,0.00873,0.0556304
10.02,-3.25949,-0.06447,0.054341
10.04,-2.34192,-0.1204,0.051933
10.06,-1.32879,-0.15702,0.0487926
10.08,-0.82906,-0.17851,0.0452224
10.1,-0.64653,-0.19318,0.0413588
10.12,-0.62074,-0.20577,0.0372434
10.14,-0.50516,-0.21694,0.0329046
10.16,-0.29683,-0.22488,0.028407
10.18,-0.0172,-0.22793,0.0238484
10.2,0.41646,-0.22394,0.0193696
10.22,0.97092,-0.20999,0.0151698
10.24,1.16597,-0.18855,0.0113988
10.26,1.47117,-0.16211,0.0081566
10.28,1.78994,-0.12943,0.005568
10.3,1.79093,-0.09355,0.003697
10.32,1.64785,-0.0591,0.002515
10.34,1.42029,-0.02834,0.0019482
10.36,1.05021,-0.00357,0.0018768
10.38,0.36231,0.01063,0.0020894
10.4,-0.24034,0.01185,0.0023264
10.42,-0.7315,0.00219,0.0023702
10.44,-0.95724,-0.01465,0.0020772
10.46,-0.88845,-0.03305,0.0014162
10.48,-0.67423,-0.04863,0.0004436
10.5,-0.46602,-0.05997,-0.0007558
10.52,-0.52158,-0.0698,-0.0021518
10.54,-0.60764,-0.08103,-0.0037724
10.56,-0.48242,-0.09188,-0.00561
10.58,-0.16885,-0.09834,-0.0075768
10.6,0.13892,-0.09864,-0.0095496
10.62,0.29102,-0.0943,-0.0114356
10.64,0.33633,-0.08799,-0.0131954
10.66,0.34185,-0.08117,-0.0148188
10.68,0.33476,-0.07437,-0.0163062
10.7,0.27931,-0.06819,-0.01767
10.72,0.16845,-0.06367,-0.0189434
10.74,0.07982,-0.06115,-0.0201664
10.76,0.05184,-0.0598,-0.0213624
10.78,0.07199,-0.05853,-0.022533
10.8,0.09937,-0.05681,-0.0236692
10.82,0.16316,-0.05416,-0.0247524
10.84,0.17164,-0.05079,-0.0257682
10.86,0.06612,-0.0484,-0.0267362
10.88,-0.04439,-0.04816,-0.0276994
10.9,-0.11856,-0.04977,-0.0286948
10.92,-0.08145,-0.05175,-0.0297298
10.94,0.04002,-0.05214,-0.0307726
10.96,0.26107,-0.04911,-0.0317548
10.98,0.40383,-0.04244,-0.0326036
11,0.47332,-0.03366,-0.0332768
11.02,0.52034,-0.02372,-0.0337512
11.04,0.61955,-0.01232,-0.0339976
11.06,0.90667,0.00295,-0.0339386
11.08,1.42716,0.02629,-0.0334128
11.1,1.834,0.05891,-0.0322346
11.12,1.83406,0.0956,-0.0303226
11.14,1.54184,0.12936,-0.0277354
11.16,0.8558,0.15334,-0.0246686
11.18,0.16984,0.1636,-0.0213966
11.2,-0.25903,0.16271,-0.0181424
11.22,-0.32291,0.15689,-0.0150046
11.24,0.04566,0.15411,-0.0119224
11.26,0.2675,0.15723,-0.0087778
11.28,0.29065,0.1628,-0.0055218
11.3,0.00839,0.16578,-0.0022062
11.32,-0.6688,0.15917,0.0009772
11.34,-1.22207,0.14025,0.0037822
11.36,-1.51601,0.11286,0.0060394
11.38,-1.66722,0.08102,0.0076598
11.4,-1.71308,0.04722,0.0086042
11.42,-1.67896,0.01328,0.0088698
11.44,-1.56785,-0.01921,0.0084856
11.46,-1.34378,-0.04834,0.0075188
11.48,-1.1196,-0.073,0.0060588
11.5,-0.9629,-0.09384,0.004182
11.52,-0.68964,-0.11039,0.0019742
11.54,-0.28219,-0.12013,-0.0004284
11.56,-0.02661,-0.12324,-0.0028932
11.58,0.11347,-0.12239,-0.005341
11.6,0.14644,-0.11979,-0.0077368
11.62,0.15911,-0.11676,-0.010072
11.64,0.16513,-0.11355,-0.012343
11.66,0.17685,-0.11016,-0.0145462
11.68,0.2671,-0.10575,-0.0166612
11.7,0.40172,-0.0991,-0.0186432
11.72,0.49707,-0.09014,-0.020446
11.74,0.53067,-0.07989,-0.0220438
11.76,0.56997,-0.06892,-0.0234222
11.78,0.59786,-0.05727,-0.0245676
11.8,0.64274,-0.04486,-0.0254648
11.82,0.65212,-0.03195,-0.0261038
11.84,0.52618,-0.0202,-0.0265078
11.86,0.22231,-0.01276,-0.026763
11.88,-0.0331,-0.0109,-0.026981
11.9,-0.1141,-0.01241,-0.0272292
11.92,-0.06197,-0.01421,-0.0275134
11.94,0.07286,-0.01414,-0.0277962
11.96,0.28778,-0.01057,-0.0280076
11.98,0.49163,-0.00282,-0.028064
12,0.64273,0.00853,-0.0278934
12.02,0.68558,0.02177,-0.027458
12.04,0.64825,0.03507,-0.0267566
12.06,0.58145,0.04732,-0.0258102
12.08,0.44891,0.05758,-0.0246586
12.1,0.33602,0.06539,-0.0233508
12.12,0.24918,0.0712,-0.0219268
12.14,0.17086,0.07536,-0.0204196
12.16,0.03868,0.07741,-0.0188714
12.18,-0.14728,0.07628,-0.0173458
12.2,-0.31704,0.07164,-0.015913
12.22,-0.41148,0.06431,-0.0146268
12.24,-0.38244,0.05633,-0.0135002
12.26,-0.24253,0.05003,-0.0124996
12.28,-0.10508,0.04651,-0.0115694
12.3,-0.01695,0.04524,-0.0106646
12.32,-0.03483,0.04468,-0.009771
12.34,-0.12706,0.04302,-0.0089106
12.36,-0.24475,0.03925,-0.0081256
12.38,-0.35001,0.03326,-0.0074604
12.4,-0.33211,0.02644,-0.0069316
12.42,-0.22577,0.02082,-0.0065152
12.44,-0.0838,0.01768,-0.0061616
12.46,0.10617,0.01786,-0.0058044
12.48,0.3809,0.02268,-0.0053508
12.5,0.66828,0.03313,-0.0046882
12.52,0.83682,0.04813,-0.0037256
12.54,0.86245,0.06508,-0.002424
12.56,0.76869,0.08134,-0.0007972
12.58,0.58788,0.09486,0.0011
12.6,0.38709,0.10462,0.0031924
12.62,0.19252,0.11037,0.0053998
12.64,0.05314,0.11278,0.0076554
12.66,-0.07177,0.11255,0.0099064
12.68,-0.26589,0.10913,0.012089
12.7,-0.63567,0.10007,0.0140904
12.72,-1.01911,0.08348,0.01576
12.74,-1.12739,0.06197,0.0169994
12.76,-0.96714,0.04098,0.017819
12.78,-0.63617,0.02491,0.0183172
12.8,-0.30224,0.01553,0.0186278
12.82,-0.18068,0.01066,0.018841
12.84,-0.19938,0.00682,0.0189774
12.86,-0.21963,0.00259,0.0190292
12.88,-0.19152,-0.00157,0.0189978
12.9,-0.02847,-0.0038,0.0189218
12.92,0.25471,-0.00158,0.0188902
12.94,0.53513,0.00627,0.0190156
12.96,0.64405,0.01803,0.0193762
12.98,0.57931,0.03022,0.0199806
13,0.34587,0.03948,0.0207702
13.02,0.12542,0.04415,0.0216532
13.04,0.05038,0.04588,0.0225708
13.06,0.06342,0.04698,0.0235104
13.08,0.14321,0.04901,0.0244906
13.1,0.13428,0.05175,0.0255256
13.12,0.01613,0.05322,0.02659
13.14,-0.24957,0.05085,0.027607
13.16,-0.57448,0.04257,0.0284584
13.18,-0.81755,0.02861,0.0290306
13.2,-1.08587,0.00958,0.0292222
13.22,-1.33574,-0.01466,0.028929
13.24,-1.54088,-0.04346,0.0280598
13.26,-1.60946,-0.07499,0.02656
13.28,-1.4915,-0.10603,0.0244394
13.3,-1.1512,-0.13249,0.0217896
13.32,-0.6577,-0.15061,0.0187774
13.34,-0.1968,-0.15918,0.0155938
13.36,0.21267,-0.15905,0.0124128
13.38,0.4236,-0.15272,0.0093584
13.4,0.54693,-0.14301,0.0064982
13.42,0.70865,-0.13048,0.0038886
13.44,0.87435,-0.11467,0.0015952
13.46,1.0452,-0.0955,-0.0003148
13.48,1.11918,-0.07388,-0.0017924
13.5,1.04262,-0.05229,-0.0028382
13.52,0.74826,-0.03441,-0.0035264
13.54,0.48323,-0.02211,-0.0039686
13.56,0.37764,-0.01353,-0.0042392
13.58,0.36408,-0.00614,-0.004362
13.6,0.41763,0.00168,-0.0043284
13.62,0.47923,0.01063,-0.0041158
13.64,0.49094,0.02031,-0.0037096
13.66,0.39047,0.0291,-0.0031276
13.68,0.11027,0.03409,-0.0024458
13.7,-0.19661,0.0332,-0.0017818
13.72,-0.30298,0.02818,-0.0012182
13.74,-0.29565,0.02217,-0.0007748
13.76,-0.25079,0.01669,-0.000441
13.78,-0.18894,0.01227,-0.0001956
13.8,-0.00744,0.01031,1.06E-05
13.82,0.23757,0.01258,0.0002622
13.84,0.50049,0.01994,0.000661
13.86,0.71832,0.0321,0.001303
13.88,0.82137,0.04747,0.0022524
13.9,0.80881,0.06375,0.0035274
13.92,0.65712,0.07838,0.005095
13.94,0.39286,0.08886,0.0068722
13.96,0.11048,0.09387,0.0087496
13.98,-0.16366,0.09331,0.0106158
14,-0.48987,0.08678,0.0123514
14.02,-0.79178,0.07393,0.01383
14.04,-1.00453,0.05593,0.0149486
14.06,-1.05893,0.03527,0.015654
14.08,-1.00569,0.01459,0.0159458
14.1,-0.89435,-0.00444,0.015857
14.12,-0.69222,-0.02034,0.0154502
14.14,-0.4451,-0.03174,0.0148154
14.16,-0.23229,-0.03855,0.0140444
14.18,-0.03548,-0.04126,0.0132192
14.2,0.07665,-0.04084,0.0124024
14.22,0.09625,-0.03915,0.0116194
14.24,0.13098,-0.03691,0.0108812
14.26,0.1786,-0.03386,0.010204
14.28,0.20404,-0.03007,0.0096026
14.3,0.13585,-0.02671,0.0090684
14.32,0.04859,-0.0249,0.0085704
14.34,-0.00766,-0.02453,0.0080798
14.36,-0.01025,-0.02474,0.007585
14.38,0.05897,-0.02429,0.0070992
14.4,0.14932,-0.0222,0.0066552
14.42,0.20813,-0.01867,0.0062818
14.44,0.20978,-0.01453,0.0059912
14.46,0.15732,-0.0109,0.0057732
14.48,0.07073,-0.00866,0.0056
14.5,-0.00859,-0.00808,0.0054384
14.52,-0.07034,-0.00891,0.0052602
14.54,-0.04214,-0.01007,0.0050588
14.56,0.01505,-0.01038,0.0048512
14.58,0.05516,-0.00972,0.0046568
14.6,0.08341,-0.00833,0.0044902
14.62,0.06459,-0.00689,0.0043524
14.64,0.0219,-0.00606,0.0042312
14.66,-0.01903,-0.00607,0.0041098
14.68,-0.02669,-0.00656,0.0039786
14.7,-0.0117,-0.00698,0.003839
14.72,0.02933,-0.00685,0.003702
14.74,0.06375,-0.00595,0.003583
14.76,0.09396,-0.00441,0.0034948
14.78,0.08547,-0.00266,0.0034416
14.8,0.00944,-0.0017,0.0034076
14.82,-0.1242,-0.00288,0.00335
14.84,-0.24549,-0.00661,0.0032178
14.86,-0.32056,-0.0123,0.0029718
14.88,-0.33241,-0.01886,0.0025946
14.9,-0.35311,-0.02575,0.0020796
14.92,-0.40793,-0.03339,0.0014118
14.94,-0.45055,-0.04201,0.0005716
14.96,-0.4263,-0.05081,-0.0004446
14.98,-0.31138,-0.05822,-0.001609
15,-0.09415,-0.06227,-0.0028544
15.02,0.13514,-0.06188,-0.004092
15.04,0.2452,-0.0581,-0.005254
15.06,0.28071,-0.05287,-0.0063114
15.08,0.24715,-0.04761,-0.0072636
15.1,0.18664,-0.0433,-0.0081296
15.12,0.12359,-0.04022,-0.008934
15.14,0.12506,-0.03775,-0.009689
15.16,0.14024,-0.03512,-0.0103914
15.18,0.1579,-0.03217,-0.0110348
15.2,0.13895,-0.02919,-0.0116186
15.22,0.07192,-0.0271,-0.0121606
15.24,0.03836,-0.02601,-0.0126808
15.26,0.11105,-0.02453,-0.0131714
15.28,0.27635,-0.02066,-0.0135846
15.3,0.41836,-0.01373,-0.0138592
15.32,0.46326,-0.00493,-0.0139578
15.34,0.37314,0.00343,-0.0138892
15.36,0.15092,0.00865,-0.0137162
15.38,-0.13676,0.00878,-0.0135406
15.4,-0.34751,0.00394,-0.0134618
15.42,-0.45583,-0.00409,-0.0135436
15.44,-0.45527,-0.01321,-0.0138078
15.46,-0.33259,-0.02109,-0.0142296
15.48,-0.08333,-0.02525,-0.0147346
15.5,0.21926,-0.02389,-0.0152124
15.52,0.47718,-0.01693,-0.015551
15.54,0.62665,-0.00589,-0.0156688
15.56,0.63822,0.00675,-0.0155338
15.58,0.57667,0.0189,-0.0151558
15.6,0.50285,0.0297,-0.0145618
15.62,0.44872,0.03922,-0.0137774
15.64,0.4015,0.04773,-0.0128228
15.66,0.33385,0.0551,-0.0117208
15.68,0.24622,0.0609,-0.0105028
15.7,0.10295,0.0644,-0.0092148
15.72,-0.0219,0.06522,-0.0079104
15.74,-0.11489,0.06386,-0.0066332
15.76,-0.16681,0.06106,-0.005412
15.78,-0.18673,0.05753,-0.0042614
15.8,-0.24746,0.05319,-0.0031976
15.82,-0.3945,0.04679,-0.0022618
15.84,-0.63154,0.03655,-0.0015308
15.86,-0.85489,0.0217,-0.0010968
15.88,-0.94267,0.00374,-0.001022
15.9,-0.87948,-0.01446,-0.0013112
15.92,-0.6599,-0.02984,-0.001908
15.94,-0.33815,-0.0398,-0.002704
15.96,-0.14259,-0.04459,-0.0035958
15.98,-0.04253,-0.04643,-0.0045244
16,-0.00087,-0.04686,-0.0054616
16.02,0.06428,-0.0462,-0.0063856
16.04,0.15617,-0.04397,-0.007265
16.06,0.25897,-0.0398,-0.008061
16.08,0.36391,-0.03354,-0.0087318
16.1,0.44379,-0.02544,-0.0092406
16.12,0.44031,-0.01658,-0.0095722
16.14,0.35147,-0.00863,-0.0097448
16.16,0.25611,-0.00253,-0.0097954
16.18,0.18911,0.00194,-0.0097566
16.2,0.16924,0.00553,-0.009646
16.22,0.15592,0.00881,-0.0094698
16.24,0.1477,0.01188,-0.0092322
16.26,0.13075,0.01469,-0.0089384
16.28,0.13781,0.01741,-0.0085902
16.3,0.10351,0.01985,-0.0081932
16.32,-0.00941,0.02082,-0.0077768
16.34,-0.21388,0.01862,-0.0074044
16.36,-0.4136,0.01237,-0.007157
16.38,-0.47852,0.00348,-0.0070874
16.4,-0.51615,-0.00646,-0.0072166
16.42,-0.47477,-0.01634,-0.0075434
16.44,-0.36614,-0.02472,-0.0080378
16.46,-0.27222,-0.03107,-0.0086592
16.48,-0.18631,-0.03562,-0.0093716
16.5,0.00171,-0.03744,-0.0101204
16.52,0.27296,-0.03466,-0.0108136
16.54,0.48264,-0.02707,-0.011355
16.56,0.56544,-0.01656,-0.0116862
16.58,0.47926,-0.00608,-0.0118078
16.6,0.3498,0.00221,-0.0117636
16.62,0.22632,0.00801,-0.0116034
16.64,0.19063,0.01221,-0.0113592
16.66,0.24543,0.0166,-0.0110272
16.68,0.32183,0.02231,-0.010581
16.7,0.38225,0.02938,-0.0099934
16.72,0.38683,0.0371,-0.0092514
16.74,0.34132,0.04442,-0.008363
16.76,0.27934,0.05065,-0.00735
16.78,0.24387,0.05592,-0.0062316
16.8,0.24633,0.06082,-0.0050152
16.82,0.23247,0.06564,-0.0037024
16.84,0.18095,0.06981,-0.0023062
16.86,-0.0013,0.07163,-0.0008736
16.88,-0.26269,0.06903,0.000507
16.9,-0.47696,0.06166,0.0017402
16.92,-0.62806,0.05064,0.002753
16.94,-0.64917,0.0379,0.003511
16.96,-0.60563,0.02538,0.0040186
16.98,-0.53472,0.01401,0.0042988
17,-0.47574,0.00391,0.004377
17.02,-0.4363,-0.00519,0.0042732
17.04,-0.35948,-0.01312,0.0040108
17.06,-0.26075,-0.01929,0.003625
17.08,-0.14362,-0.02331,0.0031588
17.1,-0.02323,-0.02495,0.0026598
17.12,0.06812,-0.02447,0.0021704
17.14,0.12613,-0.0225,0.0017204
17.16,0.16887,-0.01953,0.0013298
17.18,0.23325,-0.01548,0.0010202
17.2,0.35236,-0.00962,0.0008278
17.22,0.57594,-0.00031,0.0008216
17.24,0.78243,0.0133,0.0010876
17.26,0.83579,0.0295,0.0016776
17.28,0.68609,0.04475,0.0025726
17.3,0.33751,0.055,0.0036726
17.32,-0.01747,0.05823,0.0048372
17.34,-0.25682,0.05551,0.0059474
17.36,-0.35437,0.04942,0.0069358
17.38,-0.4082,0.04182,0.0077722
17.4,-0.45353,0.03321,0.0084364
17.42,-0.53985,0.02329,0.0089022
17.44,-0.60977,0.01182,0.0091386
17.46,-0.57361,1.00E-05,0.0091388
17.48,-0.35895,-0.00929,0.008953
17.5,-0.0145,-0.01301,0.0086928
17.52,0.27855,-0.01034,0.008486
17.54,0.41992,-0.00334,0.0084192
17.56,0.42066,0.00509,0.008521
17.58,0.33911,0.01271,0.0087752
17.6,0.20204,0.01813,0.0091378
17.62,0.14204,0.02159,0.0095696
17.64,0.16074,0.02464,0.0100624
17.66,0.19716,0.02824,0.0106272
17.68,0.19817,0.03221,0.0112714
17.7,0.1694,0.03591,0.0119896
17.72,0.06516,0.03828,0.0127552
17.74,-0.06032,0.03835,0.0135222
17.76,-0.14758,0.03629,0.014248
17.78,-0.21444,0.03269,0.0149018
17.8,-0.24647,0.02809,0.0154636
17.82,-0.30048,0.02264,0.0159164
17.84,-0.39831,0.01568,0.01623
17.86,-0.53004,0.00642,0.0163584
17.88,-0.6205,-0.00507,0.016257
17.9,-0.61098,-0.01736,0.0159098
17.92,-0.49568,-0.02841,0.0153416
17.94,-0.29944,-0.03633,0.014615
17.96,-0.11805,-0.04049,0.0138052
17.98,0.00318,-0.04161,0.012973
18,0.0813,-0.04076,0.0121578
18.02,0.12413,-0.03869,0.011384
18.04,0.15871,-0.03583,0.0106674
18.06,0.22835,-0.03194,0.0100286
18.08,0.31809,-0.02645,0.0094996
18.1,0.43294,-0.01892,0.0091212
18.12,0.51513,-0.00941,0.008933
18.14,0.54462,0.00121,0.0089572
18.16,0.50853,0.01176,0.0091924
18.18,0.42935,0.02117,0.0096158
18.2,0.34382,0.0289,0.0101938
18.22,0.23,0.03467,0.0108872
18.24,0.07841,0.03778,0.0116428
18.26,-0.08937,0.03769,0.0123966
18.28,-0.24031,0.03442,0.013085
18.3,-0.35887,0.02845,0.013654
18.32,-0.41159,0.02077,0.0140694
18.34,-0.43662,0.01232,0.0143158
18.36,-0.43024,0.00367,0.0143892
18.38,-0.40266,-0.00463,0.0142966
18.4,-0.3357,-0.01201,0.0140564
18.42,-0.24595,-0.0178,0.0137004
18.44,-0.17179,-0.02195,0.0132614
18.46,-0.08686,-0.02451,0.0127712
18.48,-0.02611,-0.02562,0.0122588
18.5,-0.0002,-0.02586,0.0117416
18.52,-0.01632,-0.02599,0.0112218
18.54,-0.09069,-0.02704,0.010681
18.56,-0.18961,-0.02982,0.0100846
18.58,-0.25177,-0.03421,0.0094004
18.6,-0.23778,-0.0391,0.0086184
18.62,-0.15335,-0.04299,0.0077586
18.64,-0.03976,-0.04489,0.0068608
18.66,0.02541,-0.04501,0.0059606
18.68,0.02798,-0.04446,0.0050714
18.7,0.00085,-0.04415,0.0041884
18.72,-0.03053,-0.04442,0.0033
18.74,-0.05932,-0.04529,0.0023942
18.76,-0.09285,-0.04679,0.0014584
18.78,-0.12606,-0.04896,0.0004792
18.8,-0.13537,-0.05157,-0.0005522
18.82,-0.10415,-0.05394,-0.001631
18.84,-0.04689,-0.05543,-0.0027396
18.86,0.00981,-0.05579,-0.0038554
18.88,0.10391,-0.05463,-0.004948
18.9,0.23331,-0.05124,-0.0059728
18.92,0.32853,-0.0456,-0.0068848
18.94,0.36264,-0.03867,-0.0076582
18.96,0.38479,-0.03117,-0.0082816
18.98,0.39649,-0.02334,-0.0087484
19,0.41309,-0.01524,-0.0090532
19.02,0.47995,-0.0063,-0.0091792
19.04,0.57469,0.00427,-0.0090938
19.06,0.63717,0.0164,-0.0087658
19.08,0.66936,0.02948,-0.0081762
19.1,0.66286,0.04282,-0.0073198
19.12,0.59961,0.05546,-0.0062106
19.14,0.49255,0.06639,-0.0048828
19.16,0.33928,0.07473,-0.0033882
19.18,0.13791,0.07951,-0.001798
19.2,-0.07864,0.08011,-0.0001958
19.22,-0.26034,0.07673,0.0013388
19.24,-0.40778,0.07006,0.00274
19.26,-0.54632,0.06053,0.0039506
19.28,-0.74586,0.04762,0.004903
19.3,-0.90959,0.03108,0.0055246
19.32,-1.05025,0.01149,0.0057544
19.34,-1.07469,-0.00975,0.0055594
19.36,-0.94723,-0.02996,0.0049602
19.38,-0.64851,-0.0459,0.0040422
19.4,-0.36412,-0.05602,0.0029218
19.42,-0.21813,-0.06184,0.001685
19.44,-0.14828,-0.0655,0.000375
19.46,-0.12515,-0.06823,-0.0009896
19.48,-0.05212,-0.06999,-0.0023894
19.5,0.07753,-0.06973,-0.003784
19.52,0.33874,-0.06557,-0.0050954
19.54,0.56614,-0.05651,-0.0062256
19.56,0.65832,-0.04426,-0.0071108
19.58,0.65293,-0.03114,-0.0077336
19.6,0.59655,-0.01864,-0.0081064
19.62,0.53415,-0.00734,-0.0082532
19.64,0.52041,0.00321,-0.008189
19.66,0.51278,0.01354,-0.0079182
19.68,0.46716,0.02334,-0.0074514
19.7,0.32226,0.03124,-0.0068266
19.72,0.09135,0.03537,-0.0061192
19.74,-0.11068,0.03518,-0.0054156
19.76,-0.2241,0.03184,-0.0047788
19.78,-0.23867,0.02721,-0.0042346
19.8,-0.2364,0.02246,-0.0037854
19.82,-0.30548,0.01704,-0.0034446
19.84,-0.46055,0.00938,-0.003257
19.86,-0.66954,-0.00193,-0.0032956
19.88,-0.77337,-0.01636,-0.0036228
19.9,-0.72567,-0.03136,-0.00425
19.92,-0.57964,-0.04442,-0.0051384
19.94,-0.39822,-0.0542,-0.0062224
19.96,-0.24595,-0.06064,-0.0074352
19.98,-0.16961,-0.06481,-0.0087314
20,-0.09659,-0.06746,-0.0100806
20.02,0.00719,-0.06837,-0.011448
20.04,0.11342,-0.06717,-0.0127914
20.06,0.33154,-0.06273,-0.014046
20.08,0.51473,-0.05427,-0.0151314
20.1,0.58603,-0.04327,-0.0159968
20.12,0.55363,-0.03189,-0.0166346
20.14,0.42133,-0.02215,-0.0170776
20.16,0.25379,-0.01541,-0.0173858
20.18,0.15476,-0.01133,-0.0176124
20.2,0.17646,-0.00801,-0.0177726
20.22,0.25355,-0.00373,-0.0178472
20.24,0.34864,0.00228,-0.0178016
20.26,0.3743,0.0095,-0.0176116
20.28,0.35558,0.01678,-0.017276
20.3,0.31733,0.0235,-0.016806
20.32,0.29373,0.02959,-0.0162142
20.34,0.33864,0.0359,-0.0154962
20.36,0.38118,0.04309,-0.0146344
20.38,0.37837,0.05067,-0.013621
20.4,0.35363,0.05799,-0.0124612
20.42,0.24804,0.06399,-0.0111814
20.44,0.0641,0.06709,-0.0098396
20.46,-0.09632,0.06675,-0.0085046
20.48,-0.20552,0.06371,-0.0072304
20.5,-0.2497,0.05914,-0.0060476
20.52,-0.26867,0.05393,-0.004969
20.54,-0.26968,0.04853,-0.0039984
20.56,-0.27007,0.04311,-0.0031362
20.58,-0.28408,0.03755,-0.0023852
20.6,-0.22739,0.03244,-0.0017364
20.62,-0.15826,0.02856,-0.0011652
20.64,-0.13922,0.02556,-0.000654
20.66,-0.15153,0.02263,-0.0002014
20.68,-0.19999,0.01909,0.0001804
20.7,-0.2641,0.01442,0.0004688
20.72,-0.29807,0.00877,0.0006442
20.74,-0.30416,0.00273,0.0006988
20.76,-0.30214,-0.00336,0.0006316
20.78,-0.26395,-0.00905,0.0004506
20.8,-0.17546,-0.01344,0.0001818
20.82,-0.10478,-0.01627,-0.0001436
20.84,-0.03637,-0.01771,-0.0004978
20.86,0.01475,-0.01796,-0.000857
20.88,0.03458,-0.01749,-0.0012068
20.9,0.06828,-0.0165,-0.0015368
20.92,0.10001,-0.01484,-0.0018336
20.94,0.15091,-0.01236,-0.0020808
20.96,0.19774,-0.00891,-0.002259
20.98,0.23765,-0.00458,-0.0023506
21,0.28594,0.00066,-0.0023374
21.02,0.32493,0.00673,-0.0022028
21.04,0.34238,0.01337,-0.0019354
21.06,0.31555,0.01992,-0.001537
21.08,0.22862,0.02532,-0.0010306
21.1,0.10592,0.02863,-0.000458
21.12,0.00802,0.02974,0.0001368
21.14,-0.03023,0.02948,0.0007264
21.16,-0.06366,0.02851,0.0012966
21.18,-0.11217,0.02672,0.001831
21.2,-0.13607,0.02424,0.0023158
21.22,-0.17296,0.02111,0.002738
21.24,-0.22479,0.0171,0.00308
21.26,-0.24548,0.01236,0.0033272
21.28,-0.21104,0.00776,0.0034824
21.3,-0.14895,0.00412,0.0035648
21.32,-0.04895,0.0021,0.0036068
21.34,0.03177,0.0019,0.0036448
21.36,0.05613,0.00274,0.0036996
21.38,0.06397,0.0039,0.0037776
21.4,0.06945,0.00524,0.0038824
21.42,0.07901,0.00669,0.0040162
21.44,0.08702,0.00831,0.0041824
21.46,0.10007,0.01014,0.0043852
21.48,0.07432,0.01185,0.0046222
21.5,0.04228,0.01298,0.0048818
21.52,0.03723,0.01374,0.0051566
21.54,0.05263,0.0146,0.0054486
21.56,0.07971,0.01589,0.0057664
21.58,0.10468,0.01769,0.0061202
21.6,0.07834,0.01953,0.0065108
21.62,-0.03598,0.01991,0.006909
21.64,-0.18948,0.01762,0.0072614
21.66,-0.29533,0.01274,0.0075162
21.68,-0.36514,0.0061,0.0076382
21.7,-0.36817,-0.00127,0.0076128
21.72,-0.30993,-0.00809,0.007451
21.74,-0.23314,-0.01356,0.0071798
21.76,-0.13653,-0.01729,0.006834
21.78,-0.0517,-0.01921,0.0064498
21.8,0.00035,-0.01972,0.0060554
21.82,0.03707,-0.01938,0.0056678
21.84,0.09664,-0.01808,0.0053062
21.86,0.13548,-0.01579,0.0049904
21.88,0.15931,-0.01288,0.0047328
21.9,0.20237,-0.0093,0.0045468
21.92,0.20286,-0.00528,0.0044412
21.94,0.16795,-0.00161,0.004409
21.96,0.1155,0.00119,0.0044328
21.98,0.07714,0.00308,0.0044944
22,0.06789,0.00453,0.004585
22.02,0.07244,0.0059,0.004703
22.04,0.06501,0.00725,0.004848
22.06,0.02891,0.00816,0.0050112
22.08,0.0139,0.00855,0.0051822
22.1,-0.01246,0.00853,0.0053528
22.12,-0.06672,0.00771,0.005507
22.14,-0.12583,0.00575,0.005622
22.16,-0.14651,0.00299,0.0056818
22.18,-0.14592,4.00E-05,0.0056826
22.2,-0.09832,-0.0024,0.0056346
22.22,-0.03018,-0.00371,0.0055604
22.24,0.02667,-0.00377,0.005485
22.26,0.06108,-0.00293,0.0054264
22.28,0.04248,-0.00192,0.005388
22.3,0.02075,-0.00131,0.0053618
22.32,-0.02043,-0.00134,0.005335
22.34,-0.09147,-0.00249,0.0052852
22.36,-0.1429,-0.00486,0.005188
22.38,-0.16698,-0.00798,0.0050284
22.4,-0.19106,-0.01156,0.0047972
22.42,-0.19719,-0.01546,0.004488
22.44,-0.19018,-0.01936,0.0041008
22.46,-0.15833,-0.02287,0.0036434
22.48,-0.0701,-0.02517,0.00314
22.5,0.03765,-0.02552,0.0026296
22.52,0.09948,-0.02417,0.0021462
22.54,0.11247,-0.02207,0.0017048
22.56,0.12267,-0.01974,0.00131
22.58,0.11837,-0.01735,0.000963
22.6,0.09127,-0.01525,0.000658
22.62,0.08681,-0.01349,0.0003882
22.64,0.07431,-0.01189,0.0001504
22.66,0.09699,-0.0102,-5.36E-05
22.68,0.14154,-0.00783,-0.0002102
22.7,0.22203,-0.00421,-0.0002944
22.72,0.31082,0.00111,-0.0002722
22.74,0.3276,0.00748,-0.0001226
22.76,0.29819,0.01372,0.0001518
22.78,0.17466,0.01843,0.0005204
22.8,-0.00162,0.02017,0.0009238
22.82,-0.1684,0.01846,0.001293
22.84,-0.31278,0.01364,0.0015658
22.86,-0.39979,0.00651,0.001696
22.88,-0.4193,-0.00169,0.0016622
22.9,-0.39705,-0.00987,0.0014648
22.92,-0.32581,-0.0171,0.0011228
22.94,-0.26988,-0.02307,0.0006614
22.96,-0.22349,-0.02801,0.0001012
22.98,-0.17573,-0.03201,-0.000539
23,-0.08521,-0.03461,-0.0012312
23.02,0.0328,-0.03514,-0.001934
23.04,0.18632,-0.03295,-0.002593
23.06,0.30882,-0.02799,-0.0031528
23.08,0.36929,-0.02122,-0.0035772
23.1,0.41525,-0.01337,-0.0038446
23.12,0.41229,-0.00509,-0.0039464
23.14,0.39669,0.00299,-0.0038866
23.16,0.32536,0.01022,-0.0036822
23.18,0.20968,0.01557,-0.0033708
23.2,0.10543,0.01872,-0.0029964
23.22,0.02262,0.02001,-0.0025962
23.24,-0.09255,0.01932,-0.0022098
23.26,-0.21379,0.01626,-0.0018846
23.28,-0.29607,0.01117,-0.0016612
23.3,-0.34839,0.00473,-0.0015666
23.32,-0.35785,-0.00232,-0.001613
23.34,-0.33742,-0.00927,-0.0017984
23.36,-0.30258,-0.01566,-0.0021116
23.38,-0.26346,-0.02132,-0.002538
23.4,-0.23368,-0.02628,-0.0030636
23.42,-0.16773,-0.03028,-0.0036692
23.44,-0.09504,-0.0329,-0.0043272
23.46,0.00045,-0.03383,-0.0050038
23.48,0.09141,-0.0329,-0.0056618
23.5,0.14123,-0.03056,-0.006273
23.52,0.16518,-0.02748,-0.0068226
23.54,0.17494,-0.02406,-0.0073038
23.56,0.20621,-0.02024,-0.0077086
23.58,0.27114,-0.01545,-0.0080176
23.6,0.35883,-0.00915,-0.0082006
23.62,0.42666,-0.00127,-0.008226
23.64,0.43282,0.00734,-0.0080792
23.66,0.37161,0.01541,-0.007771
23.68,0.25054,0.02165,-0.007338
23.7,0.10283,0.0252,-0.006834
23.72,0.01341,0.02638,-0.0063064
23.74,-0.03564,0.02618,-0.0057828
23.76,-0.07353,0.02511,-0.0052806
23.78,-0.07778,0.02361,-0.0048084
23.8,-0.0737,0.0221,-0.0043664
23.82,-0.09492,0.02044,-0.0039576
23.84,-0.12784,0.01824,-0.0035928
23.86,-0.15736,0.01541,-0.0032846
23.88,-0.15868,0.01227,-0.0030392
23.9,-0.16062,0.0091,-0.0028572
23.92,-0.19181,0.0056,-0.0027452
23.94,-0.22853,0.00142,-0.0027168
23.96,-0.30944,-0.00393,-0.0027954
23.98,-0.38507,-0.01085,-0.0030124
24,-0.39353,-0.01863,-0.003385
24.02,-0.26667,-0.02521,-0.0038892
24.04,0.00652,-0.02778,-0.0044448
24.06,0.20764,-0.02561,-0.004957
24.08,0.28807,-0.02063,-0.0053696
24.1,0.29405,-0.01478,-0.0056652
24.12,0.27269,-0.00908,-0.0058468
24.14,0.2691,-0.00363,-0.0059194
24.16,0.29566,0.00204,-0.0058786
24.18,0.43264,0.00935,-0.0056916
24.2,0.61323,0.01981,-0.0052954
24.22,0.68904,0.03287,-0.004638
24.24,0.60628,0.04585,-0.003721
24.26,0.29345,0.05488,-0.0026234
24.28,-0.07337,0.05711,-0.0014812
24.3,-0.28182,0.05359,-0.0004094
24.32,-0.3056,0.04775,0.0005456
24.34,-0.22856,0.04244,0.0013944
24.36,-0.16543,0.03853,0.002165
24.38,-0.19487,0.03496,0.0028642
24.4,-0.33709,0.02964,0.003457
24.42,-0.43276,0.02198,0.0038966
24.44,-0.44581,0.01322,0.004161
24.46,-0.39666,0.00483,0.0042576
24.48,-0.28261,-0.00193,0.004219
24.5,-0.16538,-0.00638,0.0040914
24.52,-0.0862,-0.00886,0.0039142
24.54,-0.04728,-0.01016,0.003711
24.56,-0.01881,-0.01079,0.0034952
24.58,0.0065,-0.01088,0.0032776
24.6,0.05472,-0.01026,0.0030724
24.62,0.10471,-0.00864,0.0028996
24.64,0.15841,-0.00597,0.0027802
24.66,0.18066,-0.00255,0.0027292
24.68,0.20235,0.00131,0.0027554
24.7,0.20975,0.00547,0.0028648
24.72,0.20515,0.00965,0.0030578
24.74,0.20746,0.01381,0.003334
24.76,0.17667,0.01768,0.0036876
24.78,0.13824,0.02086,0.0041048
24.8,0.04346,0.02268,0.0045584
24.82,-0.07879,0.02236,0.0050056
24.84,-0.16498,0.01996,0.0054048
24.86,-0.21319,0.01621,0.005729
24.88,-0.22962,0.01181,0.0059652
24.9,-0.23878,0.00716,0.0061084
24.92,-0.23306,0.00247,0.0061578
24.94,-0.21037,-0.00193,0.0061192
24.96,-0.18574,-0.00586,0.006002
24.98,-0.16946,-0.00938,0.0058144
25,-0.15737,-0.01264,0.0055616
25.02,-0.13612,-0.01555,0.0052506
25.04,-0.09637,-0.01785,0.0048936
25.06,-0.02209,-0.019,0.0045136
25.08,0.0399,-0.01879,0.0041378
25.1,0.06766,-0.01769,0.003784
25.12,0.08261,-0.01616,0.0034608
25.14,0.10072,-0.01429,0.003175
25.16,0.11241,-0.01213,0.0029324
25.18,0.10997,-0.00988,0.0027348
25.2,0.09271,-0.00785,0.0025778
25.22,0.07371,-0.00616,0.0024546
25.24,0.05473,-0.00485,0.0023576
25.26,0.04904,-0.00379,0.0022818
25.28,0.01122,-0.00316,0.0022186
25.3,-0.03582,-0.00338,0.002151
25.32,-0.04678,-0.00418,0.0020674
25.34,-0.02899,-0.00491,0.0019692
25.36,0.03197,-0.00485,0.0018722
25.38,0.06221,-0.00389,0.0017944
25.4,0.06494,-0.00261,0.0017422
25.42,0.05275,-0.00141,0.001714
25.44,0.0146,-0.00072,0.0016996
25.46,0.01801,-0.00037,0.0016922
25.48,0.01056,-6.00E-05,0.001691
25.5,0.02651,0.00033,0.0016976
25.52,0.02949,0.00091,0.0017158
25.54,0.00773,0.0013,0.0017418
25.56,-0.0363,0.00104,0.0017626
25.58,-0.10647,-0.00037,0.0017552
25.6,-0.1748,-0.00318,0.0016916
25.62,-0.21246,-0.00703,0.001551
25.64,-0.18114,-0.01095,0.001332
25.66,-0.12974,-0.01405,0.001051
25.68,-0.07236,-0.01605,0.00073
25.7,-0.02938,-0.01705,0.000389
25.72,-0.02602,-0.01759,3.72E-05
25.74,-0.02147,-0.01805,-0.0003238
25.76,0.00068,-0.01824,-0.0006886
25.78,0.02672,-0.01795,-0.0010476
25.8,0.06957,-0.01698,-0.0013872
25.82,0.1227,-0.01505,-0.0016882
25.84,0.18456,-0.01197,-0.0019276
25.86,0.23401,-0.00777,-0.002083
25.88,0.30875,-0.00233,-0.0021296
25.9,0.35732,0.00434,-0.0020428
25.92,0.37797,0.0117,-0.0018088
25.94,0.36629,0.01915,-0.0014258
25.96,0.27409,0.02557,-0.0009144
25.98,0.16026,0.02992,-0.000316
26,0.08109,0.03234,0.0003308
26.02,0.03081,0.03346,0.001
26.04,0.00258,0.0338,0.001676
26.06,-0.0213,0.03362,0.0023484
26.08,-0.0473,0.03294,0.0030072
26.1,-0.07744,0.0317,0.0036412
26.12,-0.14481,0.02948,0.0042308
26.14,-0.17505,0.02628,0.0047564
26.16,-0.17887,0.02275,0.0052114
26.18,-0.17898,0.01918,0.005595
26.2,-0.17465,0.01564,0.0059078
26.22,-0.20956,0.0118,0.0061438
26.24,-0.24438,0.00726,0.006289
26.26,-0.28814,0.00193,0.0063276
26.28,-0.31001,-0.00405,0.0062466
26.3,-0.27778,-0.00993,0.006048
26.32,-0.20512,-0.01476,0.0057528
26.34,-0.10327,-0.01784,0.005396
26.36,-0.02223,-0.0191,0.005014
26.38,0.04444,-0.01888,0.0046364
26.4,0.07544,-0.01767,0.004283
26.42,0.12104,-0.01572,0.0039686
26.44,0.18955,-0.01262,0.0037162
26.46,0.21881,-0.00854,0.0035454
26.48,0.21842,-0.00417,0.003462
26.5,0.15434,-0.00045,0.003453
26.52,0.04205,0.0015,0.003483
26.54,-0.07097,0.00121,0.0035072
26.56,-0.14046,-0.00091,0.003489
26.58,-0.17553,-0.00408,0.0034074
26.6,-0.16754,-0.00751,0.0032572
26.62,-0.11635,-0.01036,0.00305
26.64,-0.03322,-0.01186,0.0028128
26.66,0.02911,-0.01192,0.0025744
26.68,0.04168,-0.01122,0.00235
26.7,0.05207,-0.0103,0.002144
26.72,0.0442,-0.00934,0.0019572
26.74,0.01601,-0.00875,0.0017822
26.76,-0.03439,-0.00895,0.0016032
26.78,-0.08559,-0.01016,0.0014
26.8,-0.12012,-0.01221,0.0011558
26.82,-0.12555,-0.01469,0.000862
26.84,-0.09477,-0.01691,0.0005238
26.86,-0.03837,-0.01825,0.0001588
26.88,0.01836,-0.01847,-0.0002106
26.9,0.04145,-0.01789,-0.0005684
26.92,0.02465,-0.01724,-0.0009132
26.94,-0.01092,-0.01712,-0.0012556
26.96,-0.04355,-0.01768,-0.0016092
26.98,-0.03282,-0.01846,-0.0019784
27,-0.00016,-0.01879,-0.0023542
27.02,0.0214,-0.01859,-0.002726
27.04,0.04411,-0.01796,-0.0030852
27.06,0.05413,-0.01699,-0.003425
27.08,0.05017,-0.01597,-0.0037444
27.1,0.04381,-0.01505,-0.0040454
27.12,0.05443,-0.01409,-0.0043272
27.14,0.07207,-0.01284,-0.004584
27.16,0.10874,-0.01105,-0.004805
27.18,0.15736,-0.00841,-0.0049732
27.2,0.19159,-0.00492,-0.0050716
27.22,0.20687,-0.00096,-0.0050908
27.24,0.21128,0.0032,-0.0050268
27.26,0.20773,0.00737,-0.0048794
27.28,0.18387,0.01127,-0.004654
27.3,0.17698,0.01485,-0.004357
27.32,0.17679,0.01837,-0.0039896
27.34,0.15177,0.02163,-0.003557
27.36,0.10956,0.02422,-0.0030726
27.38,0.03173,0.02561,-0.0025604
27.4,-0.05149,0.02542,-0.002052
27.42,-0.14128,0.02346,-0.0015828
27.44,-0.2453,0.01958,-0.0011912
27.46,-0.31826,0.01392,-0.0009128
27.48,-0.3445,0.00726,-0.0007676
27.5,-0.34779,0.00032,-0.0007612
27.52,-0.35674,-0.00675,-0.0008962
27.54,-0.34063,-0.01375,-0.0011712
27.56,-0.27858,-0.01997,-0.0015706
27.58,-0.19917,-0.02477,-0.002066
27.6,-0.09864,-0.02774,-0.0026208
27.62,-0.00662,-0.02882,-0.0031972
27.64,0.06541,-0.02826,-0.0037624
27.66,0.13967,-0.02623,-0.004287
27.68,0.19573,-0.0229,-0.004745
27.7,0.22995,-0.01867,-0.0051184
27.72,0.28775,-0.01352,-0.0053888
27.74,0.33488,-0.00732,-0.0055352
27.76,0.36286,-0.00037,-0.0055426
27.78,0.33028,0.00654,-0.0054118
27.8,0.23742,0.01222,-0.0051674
27.82,0.10816,0.01565,-0.0048544
27.84,-0.04688,0.01624,-0.0045296
27.86,-0.17383,0.01401,-0.0042494
27.88,-0.26121,0.00963,-0.0040568
27.9,-0.28696,0.00413,-0.0039742
27.92,-0.29707,-0.00174,-0.004009
27.94,-0.25612,-0.00729,-0.0041548
27.96,-0.2001,-0.01188,-0.0043924
27.98,-0.13335,-0.01524,-0.0046972
28,-0.08353,-0.01741,-0.0050454
28.02,-0.06147,-0.01888,-0.005423
28.04,-0.02933,-0.01981,-0.0058192
28.06,-0.0141,-0.02027,-0.0062246
28.08,0.02493,-0.02019,-0.0066284
28.1,0.09478,-0.01901,-0.0070086
28.12,0.19842,-0.01611,-0.0073308
28.14,0.28384,-0.01131,-0.007557
28.16,0.35754,-0.00492,-0.0076554
28.18,0.417,0.0028,-0.0075994
28.2,0.43872,0.01136,-0.0073722
28.22,0.44257,0.02015,-0.0069692
28.24,0.42506,0.02881,-0.006393
28.26,0.37688,0.0368,-0.005657
28.28,0.30389,0.04359,-0.0047852
28.3,0.18168,0.04842,-0.0038168
28.32,0.04673,0.05068,-0.0028032
28.34,-0.06082,0.05052,-0.0017928
28.36,-0.14499,0.04844,-0.000824
28.38,-0.1978,0.04499,7.58E-05
28.4,-0.24257,0.04059,0.0008876
28.42,-0.29714,0.03517,0.001591
28.44,-0.31044,0.02907,0.0021724
28.46,-0.3145,0.0228,0.0026284
28.48,-0.31474,0.01649,0.0029582
28.5,-0.28051,0.01052,0.0031686
28.52,-0.26928,0.005,0.0032686
28.54,-0.27972,-0.00051,0.0032584
28.56,-0.30292,-0.00636,0.0031312
28.58,-0.3135,-0.01254,0.0028804
28.6,-0.2721,-0.0184,0.0025124
28.62,-0.17597,-0.02289,0.0020546
28.64,-0.08036,-0.02548,0.001545
28.66,-0.02081,-0.02651,0.0010148
28.68,0.03672,-0.02637,0.0004874
28.7,0.0634,-0.02538,-2.02E-05
28.72,0.09099,-0.02386,-0.0004974
28.74,0.12358,-0.02173,-0.000932
28.76,0.14823,-0.01903,-0.0013126
28.78,0.15818,-0.01599,-0.0016324
28.8,0.12538,-0.01314,-0.0018952
28.82,0.07551,-0.01115,-0.0021182
28.84,0.06006,-0.00981,-0.0023144
28.86,0.05001,-0.00873,-0.002489
28.88,0.06712,-0.00757,-0.0026404
28.9,0.08086,-0.00611,-0.0027626
28.92,0.07791,-0.00454,-0.0028534
28.94,0.08128,-0.00296,-0.0029126
28.96,0.06412,-0.00152,-0.002943
28.98,0.07597,-0.00014,-0.0029458
29,0.07069,0.00133,-0.0029192
29.02,0.06424,0.00267,-0.0028658
29.04,0.0496,0.0038,-0.0027898
29.06,0.0089,0.00437,-0.0027024
29.08,-0.02371,0.00421,-0.0026182
29.1,-0.06207,0.00334,-0.0025514
29.12,-0.08929,0.00181,-0.0025152
29.14,-0.08262,8.00E-05,-0.0025136
29.16,-0.07755,-0.00153,-0.0025442
29.18,-0.05073,-0.00283,-0.0026008
29.2,-0.03694,-0.0037,-0.0026748
29.22,-0.02503,-0.00433,-0.0027614
29.24,-0.00075,-0.0046,-0.0028534
29.26,0.01675,-0.00445,-0.0029424
29.28,0.05028,-0.00379,-0.0030182
29.3,0.06914,-0.0026,-0.0030702
29.32,0.07418,-0.00118,-0.0030938
29.34,0.05581,0.00011,-0.0030916
29.36,0.02037,0.00086,-0.0030744
29.38,0.01817,0.00124,-0.0030496
29.4,0.03606,0.00179,-0.0030138
29.42,0.06963,0.00284,-0.002957
29.44,0.10996,0.00463,-0.0028644
29.46,0.11001,0.00682,-0.002728
29.48,0.08492,0.00876,-0.0025528
29.5,0.05064,0.01011,-0.0023506
29.52,0.02935,0.01091,-0.0021324
29.54,0.03368,0.01153,-0.0019018
29.56,0.03041,0.01217,-0.0016584
29.58,0.05351,0.013,-0.0013984
29.6,0.04888,0.01403,-0.0011178
29.62,0.05334,0.01505,-0.0008168
29.64,0.05025,0.01608,-0.0004952
29.66,0.06811,0.01726,-0.00015
29.68,0.08435,0.01878,0.0002256
29.7,0.08057,0.02043,0.0006342
29.72,0.0807,0.02204,0.001075
29.74,0.06063,0.02345,0.001544
29.76,0.04206,0.02447,0.0020334
29.78,0.02946,0.02519,0.0025372
29.8,0.06148,0.0261,0.0030592
29.82,0.08568,0.02757,0.0036106
29.84,0.09653,0.0294,0.0041986
29.86,0.07786,0.03114,0.0048214
29.88,0.01809,0.0321,0.0054634
29.9,-0.04964,0.03178,0.006099
29.92,-0.09803,0.03031,0.0067052
29.94,-0.12242,0.0281,0.0072672
29.96,-0.13482,0.02553,0.0077778
29.98,-0.14653,0.02272,0.0082322
30,-0.15941,0.01967,0.0086256
30.02,-0.20661,0.01601,0.0089458
30.04,-0.25122,0.01143,0.0091744
30.06,-0.2754,0.00617,0.0092978
30.08,-0.27876,0.00063,0.0093104
30.1,-0.24428,-0.0046,0.0092184
30.12,-0.21271,-0.00916,0.0090352
30.14,-0.15787,-0.01286,0.008778
30.16,-0.10754,-0.01551,0.0084678
30.18,-0.05412,-0.01713,0.0081252
30.2,-0.00384,-0.0177,0.0077712
30.22,0.02931,-0.01744,0.0074224
30.24,0.04306,-0.01671,0.0070882
30.26,0.03182,-0.01596,0.006769
30.28,0.03171,-0.01532,0.0064626
30.3,0.01813,-0.01481,0.0061664
30.32,0.02841,-0.01434,0.0058796
30.34,0.04319,-0.01362,0.0056072
30.36,0.05768,-0.0126,0.0053552
30.38,0.06106,-0.01141,0.005127
30.4,0.03499,-0.01045,0.004918
30.42,0.02056,-0.00988,0.0047204
30.44,0.01609,-0.00951,0.0045302
30.46,0.0216,-0.00912,0.0043478
30.48,0.01454,-0.00875,0.0041728
30.5,0.02858,-0.00831,0.0040066
30.52,0.04492,-0.00757,0.0038552
30.54,0.04637,-0.00665,0.0037222
30.56,0.05866,-0.00559,0.0036104
30.58,0.07893,-0.00421,0.0035262
30.6,0.09592,-0.00245,0.0034772
30.62,0.11003,-0.00038,0.0034696
30.64,0.11289,0.00185,0.0035066
30.66,0.09217,0.00392,0.003585
30.68,0.06416,0.00549,0.0036948
30.7,0.02933,0.00643,0.0038234
30.72,0.01423,0.00688,0.003961
30.74,0.00128,0.00705,0.004102
30.76,-0.01228,0.00695,0.004241
30.78,-0.02961,0.00654,0.0043718
30.8,-0.06038,0.00564,0.0044846
30.82,-0.10082,0.00404,0.0045654
30.84,-0.12,0.00185,0.0046024
30.86,-0.12133,-0.00055,0.0045914
30.88,-0.12294,-0.00299,0.0045316
30.9,-0.10077,-0.00521,0.0044274
30.92,-0.07651,-0.00697,0.004288
30.94,-0.07011,-0.00842,0.0041196
30.96,-0.068,-0.00979,0.0039238
30.98,-0.04159,-0.01088,0.0037062
31,-0.04509,-0.01174,0.0034714
31.02,-0.0381,-0.01256,0.0032202
31.04,-0.04169,-0.01334,0.0029534
31.06,-0.05029,-0.01425,0.0026684
31.08,-0.03938,-0.01513,0.0023658
31.1,-0.04494,-0.01596,0.0020466
31.12,-0.02029,-0.0166,0.0017146
31.14,-0.00365,-0.01683,0.001378
31.16,0.00804,-0.01677,0.0010426
31.18,0.01367,-0.01654,0.0007118
31.2,0.00695,-0.01633,0.0003852
31.22,0.00738,-0.01617,6.18E-05
31.24,0.00269,-0.01605,-0.0002592
31.26,0.00321,-0.01598,-0.0005788
31.28,0.01302,-0.0158,-0.0008948
31.3,0.0378,-0.01528,-0.0012004
31.32,0.07896,-0.0141,-0.0014824
31.34,0.11479,-0.01215,-0.0017254
31.36,0.15889,-0.00939,-0.0019132
31.38,0.20258,-0.00577,-0.0020286
31.4,0.21219,-0.00161,-0.0020608
31.42,0.21355,0.00266,-0.0020076
31.44,0.18549,0.00666,-0.0018744
31.46,0.13451,0.00988,-0.0016768
31.48,0.06695,0.01191,-0.0014386
31.5,-0.00356,0.01256,-0.0011874
31.52,-0.0552,0.01199,-0.0009476
31.54,-0.10137,0.01043,-0.000739
31.56,-0.14261,0.00801,-0.0005788
31.58,-0.16752,0.00492,-0.0004804
31.6,-0.19554,0.0013,-0.0004544
31.62,-0.22132,-0.00286,-0.0005116
31.64,-0.22889,-0.00734,-0.0006584
31.66,-0.21321,-0.01175,-0.0008934
31.68,-0.1643,-0.01551,-0.0012036
31.7,-0.12711,-0.01841,-0.0015718
31.72,-0.10113,-0.02068,-0.0019854
31.74,-0.09945,-0.02267,-0.0024388
31.76,-0.10544,-0.0247,-0.0029328
31.78,-0.08334,-0.02657,-0.0034642
31.8,-0.0344,-0.02775,-0.0040192
31.82,0.03191,-0.02776,-0.0045744
31.84,0.09292,-0.02649,-0.0051042
31.86,0.13493,-0.0242,-0.0055882
31.88,0.15283,-0.02131,-0.0060144
31.9,0.1536,-0.01823,-0.006379
31.92,0.15274,-0.01515,-0.006682
31.94,0.14658,-0.01214,-0.0069248
31.96,0.11581,-0.00951,-0.007115
31.98,0.10015,-0.00733,-0.0072616
32,0.07562,-0.00557,-0.007373
32.02,0.06343,-0.00417,-0.0074564
32.04,0.05561,-0.00296,-0.0075156
32.06,0.05278,-0.00186,-0.0075528
32.08,0.04325,-0.00089,-0.0075706
32.1,0.01741,-0.00027,-0.007576
32.12,-0.00836,-0.00017,-0.0075794
32.14,-0.04957,-0.00073,-0.007594
32.16,-0.07167,-0.00193,-0.0076326
32.18,-0.07056,-0.00334,-0.0076994
32.2,-0.03103,-0.00435,-0.0077864
32.22,0.01123,-0.00454,-0.0078772
32.24,0.06015,-0.00381,-0.0079534
32.26,0.10777,-0.00212,-0.0079958
32.28,0.13903,0.00036,-0.0079886
32.3,0.16833,0.00344,-0.0079198
32.32,0.20267,0.00717,-0.0077764
32.34,0.23254,0.01153,-0.0075458
32.36,0.25614,0.01643,-0.0072172
32.38,0.24064,0.02141,-0.006789
32.4,0.19484,0.02577,-0.0062736
32.42,0.14785,0.02921,-0.0056894
32.44,0.0966,0.03166,-0.0050562
32.46,0.04274,0.03306,-0.004395
32.48,-0.00424,0.03346,-0.0037258
32.5,-0.04472,0.03298,-0.0030662
32.52,-0.09578,0.03159,-0.0024344
32.54,-0.14191,0.02922,-0.00185
32.56,-0.18171,0.02599,-0.0013302
32.58,-0.21729,0.02201,-0.00089
32.6,-0.24903,0.01736,-0.0005428
32.62,-0.26414,0.01223,-0.0002982
32.64,-0.24479,0.00715,-0.0001552
32.66,-0.21838,0.00253,-0.0001046
32.68,-0.16237,-0.00127,-0.00013
32.7,-0.07719,-0.00366,-0.0002032
32.72,-0.00721,-0.00449,-0.000293
32.74,0.05224,-0.00403,-0.0003736
32.76,0.12748,-0.00223,-0.0004182
32.78,0.1782,0.00084,-0.0004014
32.8,0.22448,0.00487,-0.000304
32.82,0.25967,0.00971,-0.0001098
32.84,0.2526,0.01484,0.000187
32.86,0.22886,0.01966,0.0005802
32.88,0.15918,0.02355,0.0010512
32.9,0.08204,0.02597,0.0015706
32.92,0.01832,0.02698,0.0021102
32.94,-0.02924,0.02688,0.0026478
32.96,-0.08859,0.0257,0.0031618
32.98,-0.12262,0.0236,0.0036338
33,-0.15955,0.02078,0.0040494
33.02,-0.21271,0.01706,0.0043906
33.04,-0.24925,0.01245,0.0046396
33.06,-0.3013,0.00695,0.0047786
33.08,-0.31034,0.00083,0.0047952
33.1,-0.28831,-0.00515,0.0046922
33.12,-0.22463,-0.01028,0.0044866
33.14,-0.13399,-0.01386,0.0042094
33.16,-0.03679,-0.01556,0.0038982
33.18,0.04492,-0.01548,0.0035886
33.2,0.09646,-0.01406,0.0033074
33.22,0.1472,-0.01162,0.003075
33.24,0.172,-0.00843,0.0029064
33.26,0.18755,-0.00483,0.0028098
33.28,0.19509,-0.001,0.0027898
33.3,0.19014,0.00285,0.0028468
33.32,0.15182,0.00627,0.0029722
33.34,0.09268,0.00872,0.0031466
33.36,0.03356,0.00998,0.0033462
33.38,-0.00614,0.01026,0.0035514
33.4,-0.04174,0.00979,0.0037472
33.42,-0.07345,0.00863,0.0039198
33.44,-0.10482,0.00685,0.0040568
33.46,-0.14804,0.00432,0.0041432
33.48,-0.16946,0.00115,0.0041662
33.5,-0.20408,-0.00259,0.0041144
33.52,-0.20659,-0.0067,0.0039804
33.54,-0.16937,-0.01046,0.0037712
33.56,-0.11525,-0.0133,0.0035052
33.58,-0.04469,-0.0149,0.0032072
33.6,0.01729,-0.01517,0.0029038
33.62,0.05311,-0.01447,0.0026144
33.64,0.09036,-0.01304,0.0023536
33.66,0.1115,-0.01102,0.0021332
33.68,0.12804,-0.00863,0.0019606
33.7,0.16113,-0.00574,0.0018458
33.72,0.17596,-0.00237,0.0017984
33.74,0.17142,0.0011,0.0018204
33.76,0.1382,0.00419,0.0019042
33.78,0.072,0.00629,0.00203
33.8,0.02263,0.00724,0.0021748
33.82,0.00623,0.00753,0.0023254
33.84,-0.01469,0.00744,0.0024742
33.86,-0.02878,0.007,0.0026142
33.88,-0.05757,0.00613,0.0027368
33.9,-0.10733,0.00448,0.0028264
33.92,-0.14115,0.00199,0.0028662
33.94,-0.14859,-0.00091,0.002848
33.96,-0.13731,-0.00378,0.0027724
33.98,-0.10377,-0.00619,0.0026486
34,-0.07364,-0.00796,0.0024894
34.02,-0.05895,-0.00929,0.0023036
34.04,-0.03661,-0.01025,0.0020986
34.06,-0.0065,-0.01069,0.0018848
34.08,0.0252,-0.01051,0.0016746
34.1,0.0554,-0.00971,0.0014804
34.12,0.07419,-0.00842,0.001312
34.14,0.07008,-0.00698,0.0011724
34.16,0.06602,-0.00562,0.00106
34.18,0.04143,-0.00455,0.000969
34.2,0.00368,-0.0041,0.000887
34.22,-0.04937,-0.00456,0.0007958
34.24,-0.09329,-0.006,0.0006758
34.26,-0.13001,-0.00823,0.0005112
34.28,-0.13749,-0.01092,0.0002928
34.3,-0.1109,-0.01341,2.46E-05
34.32,-0.08253,-0.01535,-0.0002824
34.34,-0.03708,-0.01655,-0.0006134
34.36,-0.018,-0.01711,-0.0009556
34.38,-0.01941,-0.01749,-0.0013054
34.4,-0.01159,-0.01779,-0.0016612
34.42,0.01681,-0.01775,-0.0020162
34.44,0.05822,-0.017,-0.0023562
34.46,0.08927,-0.01554,-0.002667
34.48,0.09813,-0.01367,-0.0029404
34.5,0.09293,-0.01176,-0.0031756
34.52,0.07753,-0.01007,-0.003377
34.54,0.06391,-0.00866,-0.0035502
34.56,0.05505,-0.00748,-0.0036998
34.58,0.04015,-0.00653,-0.0038304
34.6,0.02092,-0.00592,-0.0039488
34.62,0.02339,-0.00548,-0.0040584
34.64,0.02279,-0.00503,-0.004159
34.66,0.02716,-0.00454,-0.0042498
34.68,0.04144,-0.00386,-0.004327
34.7,0.05103,-0.00294,-0.0043858
34.72,0.07111,-0.00173,-0.0044204
34.74,0.0625,-0.0004,-0.0044284
34.76,0.05213,0.00074,-0.0044136
34.78,0.03402,0.0016,-0.0043816
34.8,0.03496,0.00229,-0.0043358
34.82,0.04467,0.00308,-0.0042742
34.84,0.04642,0.00398,-0.0041946
34.86,0.06432,0.00508,-0.004093
34.88,0.05552,0.00627,-0.0039676
34.9,0.04775,0.0073,-0.0038216
34.92,0.03999,0.00817,-0.0036582
34.94,0.03289,0.00889,-0.0034804
34.96,0.02063,0.00942,-0.003292
34.98,0.0165,0.00978,-0.0030964
35,-0.00825,0.00987,-0.002899
35.02,-0.05336,0.00924,-0.0027142
35.04,-0.0629,0.00807,-0.0025528
35.06,-0.04469,0.00699,-0.002413
35.08,0.00053,0.00654,-0.0022822
35.1,0.02942,0.00683,-0.0021456
35.12,0.06003,0.00772,-0.0019912
35.14,0.06636,0.00898,-0.0018116
35.16,0.07075,0.01034,-0.0016048
35.18,0.04444,0.01149,-0.001375
35.2,0.01279,0.01206,-0.0011338
35.22,0.00592,0.01224,-0.000889
35.24,0.00389,0.01233,-0.0006424
35.26,0.01886,0.01255,-0.0003914
35.28,0.02317,0.01297,-0.000132
35.3,0.01597,0.01335,0.000135
35.32,-0.01297,0.01337,0.0004024
35.34,-0.0496,0.01274,0.0006572
35.36,-0.06281,0.01161,0.0008894
35.38,-0.04754,0.0105,0.0010994
35.4,-0.02959,0.00973,0.001294
35.42,-0.00472,0.00938,0.0014816
35.44,-0.00116,0.00932,0.001668
35.46,-0.02164,0.00908,0.0018496
35.48,-0.08126,0.00805,0.0020106
35.5,-0.13525,0.00587,0.002128
35.52,-0.12796,0.00324,0.0021928
35.54,-0.07291,0.00122,0.0022172
35.56,0.01213,0.0006,0.0022292
35.58,0.04653,0.00119,0.002253
35.6,0.04335,0.00209,0.0022948
35.62,0.01945,0.00271,0.002349
35.64,0.00732,0.00297,0.0024084
35.66,0.0074,0.00311,0.0024706
35.68,-0.00022,0.00318,0.0025342
35.7,0.00779,0.00325,0.0025992
35.72,-0.0233,0.00309,0.002661
35.74,-0.07738,0.00207,0.0027024
35.76,-0.10726,0.00022,0.0027068
35.78,-0.10578,-0.00192,0.0026684
35.8,-0.08794,-0.00385,0.0025914
35.82,-0.06242,-0.00536,0.0024842
35.84,-0.04835,-0.00647,0.0023548
35.86,-0.04144,-0.00738,0.0022072
35.88,-0.03336,-0.00813,0.0020446
35.9,-0.02144,-0.00868,0.001871
35.92,-0.00331,-0.00894,0.0016922
35.94,0.01858,-0.00879,0.0015164
35.96,0.01988,-0.00841,0.0013482
35.98,0.02049,-0.00801,0.001188
36,0.02761,-0.00753,0.0010374
36.02,0.04937,-0.00676,0.0009022
36.04,0.09838,-0.00529,0.0007964
36.06,0.11953,-0.00312,0.000734
36.08,0.13894,-0.00054,0.0007232
36.1,0.1327,0.00217,0.0007666
36.12,0.09175,0.00441,0.0008548
36.14,0.03574,0.00568,0.0009684
36.16,-0.00467,0.00599,0.0010882
36.18,-0.04524,0.00549,0.001198
36.2,-0.07574,0.00428,0.0012836
36.22,-0.08807,0.00264,0.0013364
36.24,-0.09582,0.00079,0.0013522
36.26,-0.07366,-0.00091,0.001334
36.28,-0.06663,-0.00231,0.0012878
36.3,-0.06821,-0.00367,0.0012144
36.32,-0.07857,-0.00514,0.0011116
36.34,-0.10694,-0.007,0.0009716
36.36,-0.12441,-0.00932,0.0007852
36.38,-0.11796,-0.01174,0.0005504
36.4,-0.09547,-0.01387,0.000273
36.42,-0.03659,-0.0152,-3.10E-05
36.44,0.00386,-0.01553,-0.0003416
36.46,0.043,-0.01507,-0.000643
36.48,0.08035,-0.01384,-0.0009198
36.5,0.1,-0.01204,-0.0011606
36.52,0.12884,-0.00975,-0.0013556
36.54,0.13072,-0.00716,-0.0014988
36.56,0.11852,-0.00467,-0.0015922
36.58,0.08972,-0.00259,-0.001644
36.6,0.04713,-0.00122,-0.0016684
36.62,0.01608,-0.00059,-0.0016802
36.64,-0.01078,-0.00054,-0.001691
36.66,-0.00679,-0.00072,-0.0017054
36.68,0.00727,-0.00072,-0.0017198
36.7,0.01809,-0.00047,-0.0017292
36.72,0.03306,4.00E-05,-0.0017284
36.74,0.03632,0.00073,-0.0017138
36.76,0.05306,0.00162,-0.0016814
36.78,0.08392,0.00299,-0.0016216
36.8,0.09203,0.00475,-0.0015266
36.82,0.09597,0.00663,-0.001394
36.84,0.08995,0.00848,-0.0012244
36.86,0.07029,0.01008,-0.0010228
36.88,0.04644,0.01125,-0.0007978
36.9,0.02816,0.01199,-0.000558
36.92,0.02379,0.01251,-0.0003078
36.94,0.01857,0.01293,-4.92E-05
36.96,0.01342,0.01324,0.0002156
36.98,0.00663,0.01344,0.0004844
37,-0.00476,0.01346,0.0007536
37.02,-0.0214,0.0132,0.0010176
37.04,-0.02355,0.01275,0.0012726
37.06,-0.01353,0.01237,0.00152
37.08,-0.00827,0.01215,0.001763
37.1,-0.01269,0.01194,0.0020018
37.12,-0.03379,0.01147,0.0022312
37.14,-0.08747,0.01026,0.0024364
37.16,-0.10101,0.00837,0.0026038
37.18,-0.11657,0.00619,0.0027276
37.2,-0.13826,0.00364,0.0028004
37.22,-0.13888,0.00087,0.0028178
37.24,-0.14898,-0.00201,0.0027776
37.26,-0.13708,-0.00488,0.00268
37.28,-0.13659,-0.00762,0.0025276
37.3,-0.13728,-0.01036,0.0023204
37.32,-0.13002,-0.01303,0.0020598
37.34,-0.12038,-0.01554,0.001749
37.36,-0.10118,-0.01776,0.0013938
37.38,-0.05905,-0.01936,0.0010066
37.4,-0.00928,-0.02004,0.0006058
37.42,0.01834,-0.01996,0.0002066
37.44,0.05368,-0.01924,-0.0001782
37.46,0.06418,-0.01807,-0.0005396
37.48,0.06905,-0.01674,-0.0008744
37.5,0.07965,-0.01525,-0.0011794
37.52,0.1036,-0.01342,-0.0014478
37.54,0.12567,-0.01114,-0.0016706
37.56,0.13744,-0.00851,-0.0018408
37.58,0.13881,-0.00575,-0.0019558
37.6,0.12275,-0.00313,-0.0020184
37.62,0.09488,-0.00096,-0.0020376
37.64,0.05596,0.00055,-0.0020266
37.66,0.04424,0.00155,-0.0019956
37.68,0.03037,0.00229,-0.0019498
37.7,0.02698,0.00286,-0.0018926
37.72,0.02902,0.00341,-0.0018244
37.74,0.01736,0.00387,-0.001747
37.76,-0.00642,0.00398,-0.0016674
37.78,-0.03569,0.00356,-0.0015962
37.8,-0.04195,0.00278,-0.0015406
37.82,-0.03641,0.002,-0.0015006
37.84,-0.01098,0.00152,-0.0014702
37.86,0.02534,0.00166,-0.001437
37.88,0.03106,0.00222,-0.0013926
37.9,0.03059,0.00283,-0.001336
37.92,0.03136,0.00345,-0.001267
37.94,0.04683,0.00422,-0.0011826
37.96,0.07587,0.00545,-0.0010736
37.98,0.0942,0.00714,-0.0009308
38,0.09301,0.00902,-0.0007504
38.02,0.07343,0.01068,-0.0005368
38.04,0.03369,0.01175,-0.0003018
38.06,0.00128,0.01209,-6.00E-05
38.08,-0.02563,0.01184,0.0001768
38.1,-0.03273,0.01126,0.000402
38.12,-0.03122,0.01061,0.0006142
38.14,-0.04672,0.00983,0.0008108
38.16,-0.06975,0.00866,0.000984
38.18,-0.11801,0.00678,0.0011196
38.2,-0.12521,0.00435,0.0012066
38.22,-0.12095,0.00189,0.0012444
38.24,-0.09031,-0.00023,0.0012398
38.26,-0.04679,-0.00161,0.0012076
38.28,-0.02235,-0.0023,0.0011616
38.3,0.00163,-0.00251,0.0011114
38.32,0.02585,-0.00224,0.0010666
38.34,0.04633,-0.00152,0.0010362
38.36,0.06391,-0.00043,0.0010276
38.38,0.06929,0.0009,0.0010456
38.4,0.0681,0.00228,0.0010912
38.42,0.06123,0.00357,0.0011626
38.44,0.03703,0.00455,0.0012536
38.46,0.01946,0.00511,0.0013558
38.48,-0.01581,0.00515,0.0014588
38.5,-0.0404,0.00458,0.0015504
38.52,-0.06881,0.00348,0.00162
38.54,-0.11599,0.00163,0.0016526
38.56,-0.13755,-0.00091,0.0016344
38.58,-0.14695,-0.00375,0.0015594
38.6,-0.15203,-0.00674,0.0014246
38.62,-0.14906,-0.00975,0.0012296
38.64,-0.12704,-0.01252,0.0009792
38.66,-0.11059,-0.0149,0.0006812
38.68,-0.0985,-0.01699,0.0003414
38.7,-0.05787,-0.01856,-2.98E-05
38.72,-0.0277,-0.01942,-0.0004182
38.74,0.02573,-0.01944,-0.000807
38.76,0.08778,-0.01831,-0.0011732
38.78,0.11948,-0.01624,-0.001498
38.8,0.12811,-0.01376,-0.0017732
38.82,0.12951,-0.01118,-0.0019968
38.84,0.12234,-0.00866,-0.00217
38.86,0.10142,-0.00643,-0.0022986
38.88,0.07459,-0.00467,-0.002392
38.9,0.05791,-0.00335,-0.002459
38.92,0.03693,-0.0024,-0.002507
38.94,0.02441,-0.00179,-0.0025428
38.96,0.02507,-0.0013,-0.0025688
38.98,0.0322,-0.00072,-0.0025832
39,0.0489,9.00E-05,-0.0025814
39.02,0.04897,0.00107,-0.00256
39.04,0.04997,0.00206,-0.0025188
39.06,0.05043,0.00306,-0.0024576
39.08,0.04672,0.00403,-0.002377
39.1,0.05229,0.00502,-0.0022766
39.12,0.06649,0.00621,-0.0021524
39.14,0.0622,0.00749,-0.0020026
39.16,0.04819,0.00859,-0.0018308
39.18,0.03419,0.00942,-0.0016424
39.2,0.01877,0.00995,-0.0014434
39.22,0.00099,0.01015,-0.0012404
39.24,0.00745,0.01024,-0.0010356
39.26,0.01685,0.01048,-0.000826
39.28,0.00241,0.01067,-0.0006126
39.3,-0.00758,0.01062,-0.0004002
39.32,-0.02674,0.01028,-0.0001946
39.34,-0.04698,0.00954,-3.80E-06
39.36,-0.05343,0.00854,0.000167
39.38,-0.08495,0.00715,0.00031
39.4,-0.11242,0.00518,0.0004136
39.42,-0.12608,0.0028,0.0004696
39.44,-0.11927,0.00035,0.0004766
39.46,-0.08494,-0.00169,0.0004428
39.48,-0.05453,-0.00308,0.0003812
39.5,-0.02645,-0.00389,0.0003034
39.52,-0.01243,-0.00428,0.0002178
39.54,0.00069,-0.00439,0.00013
39.56,0.03205,-0.00406,4.88E-05
39.58,0.05108,-0.00323,-1.58E-05
39.6,0.04616,-0.00225,-6.08E-05
39.62,0.03476,-0.00144,-8.96E-05
39.64,0.0225,-0.00086,-0.0001068
39.66,0.02079,-0.00043,-0.0001154
39.68,0.02581,4.00E-05,-0.0001146
39.7,0.03976,0.0007,-0.0001006
39.72,0.06093,0.00171,-6.64E-05
39.74,0.06337,0.00296,-7.20E-06
39.76,0.02572,0.00385,6.98E-05
39.78,-0.02422,0.00387,0.0001472
39.8,-0.07712,0.00286,0.0002044
39.82,-0.09969,0.0011,0.0002264
39.84,-0.0936,-0.00083,0.0002098
39.86,-0.08507,-0.00262,0.0001574
39.88,-0.06175,-0.00408,7.58E-05
39.9,-0.03127,-0.00501,-2.44E-05
39.92,-0.02163,-0.00553,-0.000135
39.94,0.00349,-0.00571,-0.0002492
39.96,0.04869,-0.00518,-0.0003528
39.98,0.07065,-0.00399,-0.0004326
